reviewId,content,score,thumbsUpCount,reviewCreatedVersion,at,replyContent,repliedAt,appVersion,predicted_label,predicted_score
8fe373f6-d85e-4254-bfd7-68bde1196098,khan g ❤️,5,0,26.38.01.980791571,2026-09-29 00:40:51,,,26.38.01.980791571,other,0.27287134528160095
5f660acf-3803-46c7-a078-cc7d50a96d8c,very very good,5,0,11.145.0101,2026-09-29 00:38:07,,,11.145.0101,other,0.024963518604636192
9bacfc70-67f3-42fd-a0b9-c430dcd1ed53,Great service and very professional team. Highly recommended!,5,0,26.38.01.980791571,2026-09-29 00:34:31,,,26.38.01.980791571,other,0.23440034687519073
301ac75d-c62a-4028-98aa-dc0479df4b32,Suppar-1,1,0,26.38.01.980791571,2026-09-29 00:32:43,,,26.38.01.980791571,other,0.46646928787231445
449d3968-18cd-49b8-bb85-cda795cc84e0,good for route maps,4,0,25.32.00.790560726,2026-09-29 00:28:15,,,25.32.00.790560726,other,0.020118610933423042
06237f57-e7cd-4487-8d35-a25494d1d3a4,"won't remember recents. The latest update has crippled the usefulness of the search bar. now constantly have to use the unreliable speech button ""navigate to"". come on Google what are you doing, I'm logged in, what else do you want, blood?",1,0,26.38.05.980791571,2026-09-29 00:25:14,"Hi Bri. If you're running into issues with Google Maps, try these troubleshooting steps: goo.gle/43EOVsN. If it keeps happening, please send feedback here: goo.gle/43OR0Ce. Thanks.",2026-09-29 09:47:21,26.38.05.980791571,a feature request,0.9826632142066956
db035775-5df9-45d1-be3e-d3326dd13164,Simply best,5,0,26.38.01.980791571,2026-09-29 00:24:57,,,26.38.01.980791571,other,0.23987333476543427
60a34e70-b727-4836-a4f7-ca2f0ec577be,"i mean it got me to where I put in the direction but this app has caused me so much annoyance and frustration. I have in my Google maps preferences to avoid toll roads, so naturally I would at least assume it would not have the first route suggested be a toll road. but a few times its taken me on a toll road without it telling me, I only find out while I'm entering the toll road. this app is so buggy, a few time while I'm just sitting at the light, the map will jumping around and bugging out.",1,0,26.38.00.981399775.W,2026-09-29 00:15:59,"That doesn’t sound good, Nafisa. If Google Maps is crashing, let's make sure you're on the latest version: goo.gle/43EOVsN. If it keeps happening, please send feedback here: goo.gle/43OR0Ce. Hope this helps.",2026-09-29 02:40:42,26.38.00.981399775.W,bugs or crashes,0.9989514350891113
0ea0d4d0-8450-4067-bfa1-f5880a8c4443,nice,5,0,25.38.02.806933749,2026-09-29 00:14:43,,,25.38.02.806933749,other,0.0985482931137085
69b565d6-135e-420e-8125-d62fae68410e,good,5,0,26.38.01.980791571,2026-09-29 00:10:33,,,26.38.01.980791571,other,0.021383652463555336
22a9fadd-96ee-419c-b7fc-2f02bbbafc3e,me: going straght down the rode at like 55 mph gm (Google maps) : exit the parking lot me : going done the interstate gm: GPS signal lost (x a minimum of 8 times),1,0,26.38.01.980791571,2026-09-29 00:04:12,"Hi Sarah. If you're running into issues with Google Maps, try these troubleshooting steps: goo.gle/43EOVsN. If it keeps happening, please send feedback here: goo.gle/43OR0Ce. Also, Here are a few tips on getting the most out of your location on Maps, goo.gle/3Q2acbB. Thanks.",2026-09-29 09:43:23,26.38.01.980791571,bugs or crashes,0.914504885673523
af22c236-6c3c-462b-a1ab-afda30b0c58f,"took us the wrong way then sent us down a Toll road which I had it set to avoid, then tried to turn us around take us down the other side of the Toll road to put us right. We went straight on and corrected the journey ourselves.",1,0,26.38.01.980791571,2026-09-29 00:02:59,"I understand your concern. You can submit the details of what you're experiencing by following these steps: goo.gle/355m3NU, so our team gets the right information to help improve the app. Appreciate it.",2026-09-29 03:47:11,26.38.01.980791571,bugs or crashes,0.9041444659233093
8b7a9d0d-08a9-4064-8303-7ac13a4e2999,good,5,0,26.22.04.920688788,2026-09-28 23:59:05,,,26.22.04.920688788,other,0.021383652463555336
34dbe272-98a2-462f-8d5a-40a2acc6455a,I am from Abbottabad. I order spacer blocks for my house construction and found very special & unique product in reasonable price. Very good dealing & good coordination by chishti traders. Very fast delivery. I strongly recommended this product.,5,0,26.36.03.973607363,2026-09-28 23:57:47,,,26.36.03.973607363,other,0.15602310001850128
b1a58ab8-acc6-4259-9f27-e68c66648ea8,ankur raj up,1,0,26.38.01.980791571,2026-09-28 23:54:42,,,26.38.01.980791571,bugs or crashes,0.8558287620544434
0b54f659-05c7-42d1-83b7-62565fa16b6e,nice,5,0,26.11.06.880475071,2026-09-28 23:52:45,,,26.11.06.880475071,other,0.0985482931137085
3e31dd74-c6d0-413b-8091-89df1a574dd4,veri good,5,0,,2026-09-28 23:52:09,,,,other,0.10304797440767288
d07c5400-4aad-4aff-be1a-674c50907014,i dont like the new ai directions. put it back to the way it was,1,0,26.38.01.980791571,2026-09-28 23:49:03,"That doesn’t sound good, Michaela. I'd love to learn more about this issue and help! Please create a post in our Google Maps forum so our community of experts can assist you: goo.gle/3vosTcH. Hope this helps.",2026-09-29 03:44:47,26.38.01.980791571,a feature request,0.9787982702255249
3b0ad531-380c-4771-b409-2abf94d80cdc,"Used to be good, now it's riddled with sponsored locations and suggests far too many places outside of search parameters while skipping places I know exist. Example: looking up a place for breakfast pops up with bars while skipping dedicated pancake/crepe/omelet places. Or when looking for a mexican restaurant it pops up with markets that sell tortillas instead while not showing the place down the street. For those in the same boat, mapquest is actually pretty good now.",1,0,26.34.04.965633971,2026-09-28 23:44:47,,,26.34.04.965633971,other,0.33047807216644287
57e1de81-6c56-4a7d-8640-819b767a698e,very usefull.,5,0,26.34.04.965633971,2026-09-28 23:42:29,,,26.34.04.965633971,other,0.02583455480635166
2ee30c4e-2a30-44bf-be54-74c83dda04ad,great app for explore the world map 🗺️,5,0,26.38.01.980791571,2026-09-28 23:40:59,,,26.38.01.980791571,other,0.10328049957752228
8184a618-156d-4afe-b557-d76092015737,right now,5,0,26.38.01.980791571,2026-09-28 23:25:12,,,26.38.01.980791571,bugs or crashes,0.7559406757354736
71c38f64-0b50-4685-8311-fbe51607e951,Yeah,5,0,9.47.3,2026-09-28 23:22:27,,,9.47.3,bugs or crashes,0.8377304673194885
7e470822-fb90-4a2d-9936-210126842feb,Let me know which lane to take,1,1,26.23.01.924285238,2026-09-28 23:12:21,"That doesn’t sound good, Ali. I'd love to learn more about this issue and help! Please create a post in our Google Maps forum so our community of experts can assist you: goo.gle/3vosTcH. Hope this helps.",2026-09-29 03:35:13,26.23.01.924285238,accessibility or readability problems,0.6203561425209045
cf7ddc0f-32f7-4f6e-8c5c-166ccecc3e54,Awesome.,5,0,26.37.05.977222275,2026-09-28 23:09:48,,,26.37.05.977222275,other,0.07828885316848755
1668c06b-af5d-4174-8143-bfcb78406f68,the app is great but the some navigation areas are not as updated as the could I am using it from the beginning but still some times some locations that are actually shut down mean not there but still I can find them in the map that is a real problem. Over all all the others things are excellent.,4,0,26.38.01.980791571,2026-09-28 22:59:51,,,26.38.01.980791571,bugs or crashes,0.6912925839424133
9ab8eb82-e76a-42b8-b150-a6f99c18f1e8,5 star,5,0,26.26.03.935742811,2026-09-28 22:58:01,,,26.26.03.935742811,other,0.36110931634902954
64f2f4b1-59d7-4046-b2ef-a2083d56a00a,it is the worst app that I am using for reaching my destination.. sometimes the worst thing about it is that this app is showing dead ends also as normal roads... i request the concerned authority of this app to solve this problem as soon as possible,1,1,26.24.11.928892089,2026-09-28 22:43:28,,,26.24.11.928892089,bugs or crashes,0.9950856566429138
516d4c5c-4405-46c8-8585-7c82ed00c8e6,nice,5,0,25.41.06.815390258,2026-09-28 22:42:13,,,25.41.06.815390258,other,0.0985482931137085
f26356a9-791d-42b4-847c-9bfca4329f05,🥰🥰🥰🥰,5,0,26.38.01.980791571,2026-09-28 22:40:59,,,26.38.01.980791571,bugs or crashes,0.9003044366836548
d5039dec-fb0c-40a9-b98f-190e8fcc3842,Google Maps has saved me countless times when traveling. The directions are accurate and finding new places is incredibly easy.,5,1,26.38.01.980791571,2026-09-28 22:32:34,,,26.38.01.980791571,other,0.06500834971666336
15d3e2cb-d54e-4d17-a8a9-9eff9f74d2cf,Good,5,0,26.38.01.980791571,2026-09-28 22:22:08,,,26.38.01.980791571,other,0.02357211522758007
f78cbe57-d166-4440-8f75-20150cced95e,"Latest update messed up adding notes for a saved place. Can't see what I'm typing. I have to dismiss the keyboard to see. Messy routing, annoying alerts (yes it's still under construction, we have 2 seasons, winter and construction, alerts to confirm things are annoying). the created_at for reviews should also display the whole date not relative time. 1 year ago is not helpful. sometimes knowing the month is important for some locations.",2,237,26.38.01.980791571,2026-09-28 22:15:41,,,26.38.01.980791571,bugs or crashes,0.9985153079032898
392eabd4-4036-4ae9-9bd6-5d874642c918,SlDHYANT,5,0,26.38.01.980791571,2026-09-28 22:15:15,,,26.38.01.980791571,bugs or crashes,0.9319472312927246
6f8d4a10-a5b2-4859-a563-9bd0cd88e254,dnd kmp expressway faridabad to sarai kale khan open pls update on map,5,0,26.38.05.980791571,2026-09-28 22:09:34,,,26.38.05.980791571,a feature request,0.8836360573768616
31dc3304-fd6b-4a8b-92da-3c6201fe3463,It is even more useful. We can also search for the shop anywhere when ever we want,5,0,11.134.0104,2026-09-28 22:08:45,,,11.134.0104,other,0.048519980162382126
c0884884-39b1-4795-86c5-7a775be1615a,good.,5,0,,2026-09-28 22:07:19,,,,other,0.012098042294383049
63b721f8-0628-48b7-af03-fda52d942ee1,put lake Ontario back. don't wait for sanity.. just do it.,1,1,26.39.04.984891338,2026-09-28 21:56:12,,,26.39.04.984891338,a feature request,0.8891748785972595
b19c44bd-62fc-4f1b-93af-94df4fbae915,🗿,5,0,26.37.05.977222275,2026-09-28 21:50:56,,,26.37.05.977222275,bugs or crashes,0.843632698059082
ad59fa7b-0ff5-4c97-a4fa-f5a769a17259,"The newest update added that awful vocal fry clanker voice to narrate every small portion of direction. This nonconsentual addition of AI to everything makes the product worse. To remove the update just uninstall it from your device, then disallow auto updates.",1,1,25.27.04.777251107,2026-09-28 21:49:36,,,25.27.04.777251107,accessibility or readability problems,0.7913954257965088
5f1f8c1d-c017-4318-a134-41b1591fef05,Problem encountered with gps lost signal,2,0,26.17.05.901412876,2026-09-28 21:44:52,"That doesn’t sound good, Kamal. Here are a few tips on getting the most out of your location on Maps, goo.gle/3Q2acbB. Hope this helps.",2026-09-28 23:46:07,26.17.05.901412876,bugs or crashes,0.9734856486320496
89c7576a-e768-4299-8a6d-b1fc000465fc,"Good app for getting information about land, makes marking of land easy",5,0,26.38.01.980791571,2026-09-28 21:42:51,,,26.38.01.980791571,other,0.004728611558675766
0592b02b-40b3-4e26-bc7d-896470f8b0cb,iro huh yyui hhiniuh xx can fin Hugh hug hug from Friday have cut good good here duh huh for c do hope he's doing his name cud duh I don't go hug from you in front of fun and a little about yourself what you in front by the door by jtghjk hi bhhh you in Tuesday you have a good night and I'll see what I can find for the update I can find a way I could get a ride with you in a while you were here to help me out with a few people ask a question about a month or so ago a few people ask me if I could,5,0,,2026-09-28 21:37:33,,,,other,0.41253483295440674
ba2602e6-86cb-4df5-9d6b-4d81368eeda1,Very Good 😊😄,5,0,26.30.09.950492155,2026-09-28 21:19:44,,,26.30.09.950492155,other,0.01599200628697872
be76bdaa-9f65-41fa-ae50-4d4d41ef90fe,bad,1,0,11.11.2,2026-09-28 21:11:58,,,11.11.2,bugs or crashes,0.9813314080238342
b5fb5d67-4d0b-4f8a-879d-14df464bfb1c,this app showed me longest way when i used it,1,0,26.38.01.980791571,2026-09-28 21:10:53,"I understand your concern, Pamoda. You can submit the details of what you're experiencing by following these steps: goo.gle/355m3NU, so our team gets the right information to help improve the app.",2026-09-28 23:25:31,26.38.01.980791571,accessibility or readability problems,0.5903089046478271
723ea967-a473-48fa-81db-e425d50c62f7,Good,4,0,26.18.01.905972481,2026-09-28 20:58:10,,,26.18.01.905972481,other,0.02357211522758007
d547fc58-22f2-493f-bf15-de5c64551998,MaIIah Razaq,5,0,,2026-09-28 20:49:31,,,,bugs or crashes,0.5224888324737549
cd5b9c0a-81b8-4159-8507-4f32baed9650,Leuk,5,0,26.38.01.980791571,2026-09-28 20:36:20,,,26.38.01.980791571,accessibility or readability problems,0.7483590245246887
016a3a4c-2b24-4722-a764-2297f3fbb888,can you change the voice back?,3,1,26.38.05.980791571,2026-09-28 20:25:11,,,26.38.05.980791571,a feature request,0.9129819273948669
49257d2d-4c75-4a75-9b32-070eabe3fe2c,"ya this app is useful ,😁😀",5,0,25.03.01.715545067,2026-09-28 20:21:34,,,25.03.01.715545067,other,0.03324797749519348
531da407-2f67-4022-a9b7-b1b38f280842,you can find the place and people here,5,0,,2026-09-28 20:21:11,,,,other,0.09718912094831467
efbdbfda-3e79-47c1-892c-aad8c6c93dac,"works 70% well, it needs to have a function in the app to tell that the route shown, cannot be driven due to road / local regulations.",3,0,26.38.01.980791571,2026-09-28 20:12:39,"I understand your concern, Pak. You can submit the details of what you're experiencing by following these steps: goo.gle/355m3NU, so our team gets the right information to help improve the app.",2026-09-28 20:21:05,26.38.01.980791571,a feature request,0.9893178939819336
11ec6b0e-3588-47e2-b0d1-a0318ac32d70,nice place ND gd quality food laal10 restaurant,5,0,26.33.02.961351034,2026-09-28 20:05:59,,,26.33.02.961351034,other,0.010794907808303833
07671af2-94be-4016-ac1d-7215903c7b2b,"great app (obviously). I have an idea. not sure if it's implemented yet. when I consistently drive below the speed limit, then the arrival time is consistently pushed back. can you introduce an observed upper speed? so that the app notices my private speed limit and calculates the time accordingly. perhaps I can manually adjust or confirm this speed limit. those limits exist for restricted/ heavy vehicles or personal preferences. would be very handy, thanks for your consideration",5,0,26.38.01.980791571,2026-09-28 20:05:17,,,26.38.01.980791571,a feature request,0.8205968737602234
9daaded1-487f-4d9f-ab3e-d82f7247cf80,great for me,5,0,26.38.01.980791571,2026-09-28 20:01:25,,,26.38.01.980791571,other,0.1431427299976349
6606d612-c088-42bb-8c45-d6164fa2258e,😆,5,0,25.47.08.832980099,2026-09-28 19:57:58,,,25.47.08.832980099,bugs or crashes,0.7408742308616638
49711846-111b-4893-9683-9cbf7d415a6b,good 👍,5,0,25.03.01.715545067,2026-09-28 19:53:41,,,25.03.01.715545067,other,0.022820955142378807
aa0b4940-8b8c-4473-900c-13c11727f58a,Satisfied💫,4,0,26.38.01.980791571,2026-09-28 19:53:13,,,26.38.01.980791571,other,0.0028979876078665257
709f0333-fe56-4f29-86e0-e55578aada44,accurate,5,0,25.32.00.790560726,2026-09-28 19:30:26,,,25.32.00.790560726,other,0.20164212584495544
41a59140-f051-475e-bf05-2fd21ab6d7a7,Very good,3,0,10.63.6,2026-09-28 19:28:01,,,10.63.6,other,0.01780787855386734
2c2f5200-37fe-4d59-a9ed-4c77519b7091,good app,4,0,26.38.01.980791571,2026-09-28 19:20:05,,,26.38.01.980791571,other,0.007675286382436752
dec4396d-f6c5-4d04-a9e7-53c4cd7211a0,Google is trying to kill me leading down the worst B-roads imaginable.,1,0,26.38.01.980791571,2026-09-28 19:11:43,,,26.38.01.980791571,bugs or crashes,0.9964913129806519
d24015c5-30c9-4501-b8b6-35d22bd82b6f,Never had an issue with this until the last update where something has broken. When you minimise the app from full screen to mini mode it freezes and locks onto my homescreen with no way of force closing it unless I restart my phone. Please fix! Thanks.,3,1,26.38.00.981399775.W,2026-09-28 19:11:31,"I understand your concern, Claire. Let's try clearing your cache and uninstalling updates using these steps : goo.gle/3rF6Ewz. If it keeps happening, please send feedback here: goo.gle/43OR0Ce. Hope this helps.",2026-09-28 19:49:50,26.38.00.981399775.W,bugs or crashes,0.9988986849784851
9ed1d6a0-455f-4a78-ab91-0ec1349a630f,v v good,5,0,26.37.05.977222275,2026-09-28 19:04:14,,,26.37.05.977222275,other,0.07452008873224258
21bbba92-0c66-4e0b-8d34-7b2686923dff,Not fast keep hanging on my device,5,0,,2026-09-28 18:46:24,,,,bugs or crashes,0.9992218613624573
b2ac9fcf-b6a1-4486-8a2d-2d06120b81de,kundankumar 500,5,0,10.80.0,2026-09-28 18:22:56,,,10.80.0,bugs or crashes,0.6800341606140137
bbb7f7b1-074d-4e4a-a5a2-6b5501c3c3b0,best,5,0,26.38.01.980791571,2026-09-28 18:06:53,,,26.38.01.980791571,other,0.3580182194709778
a76529e0-1cb3-496e-82c1-147889ffe575,high,5,0,10.80.0,2026-09-28 17:58:00,,,10.80.0,bugs or crashes,0.7947633266448975
bf4eb54b-c4f9-47d9-82d4-4f9a0e7eea6b,Good,5,0,26.18.01.905972481,2026-09-28 17:45:50,,,26.18.01.905972481,other,0.02357211522758007
a2cc491f-913a-437b-b331-d14ba195eb47,not bad,5,0,26.38.01.980791571,2026-09-28 17:45:12,,,26.38.01.980791571,other,0.06695524603128433
be6994d1-e348-4bad-a5ba-0db8fbb183b2,goooooooooooooood,5,0,26.38.01.980791571,2026-09-28 17:43:24,,,26.38.01.980791571,other,0.09291598200798035
c6d0277e-43b4-4e81-b45f-a8e34258abe0,nice,5,0,26.38.01.980791571,2026-09-28 17:43:18,,,26.38.01.980791571,other,0.0985482931137085
2551fc93-a273-4a97-b8c2-07585925e038,very good experience,5,0,11.49.0701,2026-09-28 17:37:17,,,11.49.0701,other,0.005233222618699074
26e2203a-b4ea-4d96-b675-0d669975dde6,"it's lake Ontario and the Gulf of Mexico, as recognized by the rest of the world unlike what the idiots who run this company think.",1,0,26.34.04.965633971,2026-09-28 17:36:11,,,26.34.04.965633971,other,0.47922706604003906
51fbd5e7-72b5-4913-ac3d-da0a2759ae38,"hi sir, mam please update truck road update please",4,0,26.38.01.980791571,2026-09-28 17:32:50,,,26.38.01.980791571,bugs or crashes,0.810723602771759
c7b6b590-bc99-40db-96f7-ac0dbc07e623,doesn't update to new version ( cant update this app),1,0,26.38.01.980791571,2026-09-28 17:29:55,"That doesn’t sound good, Aman. Please check the following article for more information on how to troubleshoot this issue: https://goo.gle/47afyZR. If you’re still running into trouble, please send me feedback here: goo.gle/3W3S178. Hope this helps.",2026-09-28 19:57:34,26.38.01.980791571,bugs or crashes,0.9930078387260437
f7cfe08d-12e3-4568-b581-b6bff7191c0f,ali purr chttha,5,0,26.38.01.980791571,2026-09-28 17:27:42,,,26.38.01.980791571,"unclear pricing, privacy or unexplained changes",0.7306342720985413
c3df2619-c499-48b2-8d59-112e8045520c,"Google Maps makes navigation so much easier. Accurate directions, locations, traffic information, and nearby places make it extremely useful for everyday travel.",5,0,26.38.01.980791571,2026-09-28 17:25:10,,,26.38.01.980791571,other,0.013936338014900684
21195cfa-219d-46f9-b7fd-3336ca161b6a,Measure distance feature uses feet and miles instead of meters and kilometers,3,6,26.38.01.980791571,2026-09-28 17:23:20,"Thanks for the info. Let's give these steps a try: clear cache and uninstall the updates https://goo.gl/GW6uOo. If you continue to experience issues with this, please create a post in our Google Maps Forum for our community of experts to assist: https://goo.gl/tEyBk.",2019-03-04 22:46:58,26.38.01.980791571,accessibility or readability problems,0.625737726688385
0527227d-4b2d-4c05-9e36-ba4b6e12d743,"We sincerely appreciate the support provided by Customer Support Executive Mr. Rahul Tiwari. He helped us efficiently in correcting and improving our invoice format design. His prompt assistance, professionalism, and attention to detail made the entire process smooth and effective. Thank you, Rahul, for your valuable support and excellent service.",5,0,26.35.03.969485213,2026-09-28 17:21:42,,,26.35.03.969485213,accessibility or readability problems,0.5989386439323425
3e3ffb9c-fb8a-4b8c-803b-14181d098586,excelence,5,0,26.38.01.980791571,2026-09-28 17:20:58,,,26.38.01.980791571,other,0.009998101741075516
72d73762-db6e-408c-b7d4-ee86f681bb9b,M57/8 reading 40mph speed limit rather than 70mph. Been like this for a while now.,3,0,26.38.01.980791571,2026-09-28 17:19:24,,,26.38.01.980791571,accessibility or readability problems,0.5519953370094299
c1e124c5-ad51-4f33-bdfa-28e573cb3005,🙏👍🆗🆗,5,0,10.63.1,2026-09-28 17:04:00,,,10.63.1,bugs or crashes,0.5052627921104431
42354e1b-8db8-4c34-924e-89e5c5fc8b71,vincent masota,5,0,11.72.0302,2026-09-28 17:00:14,,,11.72.0302,bugs or crashes,0.526422381401062
f99c3e8b-6179-4f7b-91dc-7f771bef567a,"I would like to suggest adding a Vehicle Profile / Large Vehicle Navigation feature to Google Maps. Users should be able to enter their vehicle specifications, such as: • Vehicle height • Vehicle width • Vehicle length • Gross vehicle weight • Axle weight, if applicable • Vehicle type (car, van, bus, truck, trailer, etc.) Google Maps could then use these details, together with available road-restriction data, to calculate routes suitable for that particular vehicle.",3,0,26.38.01.980791571,2026-09-28 16:57:54,"Hi Akshay. Thanks for the suggestion, I'll pass this information along to the right team!",2026-09-28 16:09:49,26.38.01.980791571,other,0.21415363252162933
b1a9f15f-7965-4ba9-8d57-68feb98bff46,easiest to find the address,5,0,26.38.01.980791571,2026-09-28 16:36:38,,,26.38.01.980791571,other,0.4113805592060089
38c09207-b3a2-4b72-8e56-ef33464282fb,Good,5,0,26.38.01.980791571,2026-09-28 16:35:28,,,26.38.01.980791571,other,0.02357211522758007
0b71fdfa-0798-4e06-a5ea-cdc7b3cc658f,It's Lake Ontario and Gulf or Mexico. A map that cant display accurate information about places isn't trustworthy. Extremely disappointed.,1,0,26.39.04.984891338,2026-09-28 16:35:06,,,26.39.04.984891338,accessibility or readability problems,0.7731204628944397
75fbf15a-f825-4fd4-b29c-9d1aca8602b3,best experience,5,0,26.37.05.977222275,2026-09-28 16:34:04,,,26.37.05.977222275,other,0.024325504899024963
a7bde116-ecfa-43fa-adf5-9bf6dc5de0fe,Good,4,0,26.38.01.980791571,2026-09-28 16:23:54,,,26.38.01.980791571,other,0.02357211522758007
74b2046e-ea29-43f1-ad30-5586144fef11,nice,5,0,26.21.01.916832833,2026-09-28 16:07:42,,,26.21.01.916832833,other,0.0985482931137085
92f59346-9ae7-4c89-85ae-0ac84e2aca95,"I want an Google App May be called ""Google Rides"" Which Is Alternative app for Ola,Uber,Rapido. Google has Maps, street view Which can be Integrated To This ""Rides"" App. kindly Look into this Suggestion",4,0,26.08.07.870506946,2026-09-28 16:04:29,,,26.08.07.870506946,a feature request,0.732507050037384
7220eb07-56e5-4945-906c-139c18b69cb5,nice,5,0,25.32.00.790560726,2026-09-28 15:58:27,,,25.32.00.790560726,other,0.0985482931137085
459c1cef-9137-492c-9c47-d8c07b599621,location problem,5,0,26.23.01.924285238,2026-09-28 15:47:54,,,26.23.01.924285238,bugs or crashes,0.6938773393630981
00e678b9-859a-41ee-bead-bbabaee605d5,my map is not working signal is lost,5,0,26.38.01.980791571,2026-09-28 15:42:37,,,26.38.01.980791571,bugs or crashes,0.9978492856025696
445d7c5e-7164-419d-9bd2-b65cb7eff445,not showing prpoper route,1,0,26.38.01.980791571,2026-09-28 15:40:03,"That doesn’t sound good, Dhanraj. I'd love to learn more about this issue and help! Please create a post in our Google Maps forum so our community of experts can assist you: goo.gle/3vosTcH. Hope this helps.",2026-09-28 15:52:30,26.38.01.980791571,accessibility or readability problems,0.9392651319503784
f8a09a92-9e45-490d-992b-23e471aa91a3,"can you guys please fix your dumbass app. this is the 100th time I've woken up hours before I need to leave because your app was too retarded to know that the Elizabeth line runs from 5am but I took its word for it so I got up earlier when I didn't so this is just a rant but honestly fix it, it's frustrating",1,0,26.38.01.980791571,2026-09-28 15:31:32,,,26.38.01.980791571,bugs or crashes,0.99583500623703
3b554bb7-52f3-4447-932c-b911b488f889,Ali 0303,2,0,26.38.01.980791571,2026-09-28 15:30:46,,,26.38.01.980791571,bugs or crashes,0.5365360975265503
ce45e7b1-e79a-4a12-a18e-f46c884e7b2a,sometimes guides to the wrong and irrelevant destination,4,0,26.29.02.946673643,2026-09-28 15:29:12,,,26.29.02.946673643,bugs or crashes,0.6501932144165039
192ac6d2-9c09-46e6-92ee-cdf316a28a01,BechanRajbhar,5,0,26.38.01.980791571,2026-09-28 15:28:01,,,26.38.01.980791571,bugs or crashes,0.6696406006813049
f24ab883-c4e5-4484-94e8-ca6a3136dafc,"Great app, easy to use, and the design is clean and appealing. ⭐⭐⭐⭐⭐",5,0,26.34.04.965633971,2026-09-28 15:27:18,,,26.34.04.965633971,other,0.012937242165207863
9d09cd4a-4ed7-4c78-a53b-fd4d1b9e606b,best app location,5,0,26.38.01.980791571,2026-09-28 15:25:24,,,26.38.01.980791571,other,0.024737518280744553
ff92727f-d7f0-432d-b3a6-ce933024cba2,wow great choice 👍👏,5,0,26.37.05.977222275,2026-09-28 15:25:03,,,26.37.05.977222275,other,0.0064371428452432156
c71d4135-cc0c-48b6-a4d9-3b0754aa9fdc,nice app,5,0,26.38.01.980791571,2026-09-28 15:22:56,,,26.38.01.980791571,other,0.0035492011811584234
81e4a091-2a75-48da-aa4a-decf871c6745,op,5,0,26.35.03.969485213,2026-09-28 15:22:42,,,26.35.03.969485213,bugs or crashes,0.8315891623497009
e518a59d-9d58-4d08-bf0f-1e42ba10a412,it is very useful,5,0,26.38.01.980791571,2026-09-28 15:08:29,,,26.38.01.980791571,other,0.051762424409389496
3d498cc1-5f5f-444d-a8ee-466382f870a3,experiences is good,5,0,26.39.04.984891338,2026-09-28 15:08:12,,,26.39.04.984891338,other,0.0013832073891535401
68edc729-ee42-4987-9562-c47e00aac29e,Good app,5,0,26.38.01.980791571,2026-09-28 14:56:12,,,26.38.01.980791571,other,0.008635139092803001
04ecf20a-7b62-4e8b-82ab-6b9ef20fe8f1,best map,5,0,26.38.01.980791571,2026-09-28 14:52:19,,,26.38.01.980791571,other,0.023198872804641724
97fa6f68-d088-4113-b1af-d0017c1e10f0,excellent,5,0,26.38.01.980791571,2026-09-28 14:49:36,,,26.38.01.980791571,other,0.008344884030520916
dd35f908-224a-45cc-8c41-0fd8d3a26b77,v good,5,0,26.38.05.980791571,2026-09-28 14:38:48,,,26.38.05.980791571,other,0.035037171095609665
deb2004e-6c2a-4cf9-ac8a-271da23aa537,best map,5,0,26.38.01.980791571,2026-09-28 14:38:39,,,26.38.01.980791571,other,0.023198872804641724
99df4a13-36a6-447d-b404-c034798607ef,Excellent,5,0,10.63.6,2026-09-28 14:37:50,,,10.63.6,other,0.028473902493715286
cc6aaced-0436-40d3-8d03-c8f14ede0564,very good qpp,5,0,26.37.05.977222275,2026-09-28 14:35:43,,,26.37.05.977222275,other,0.023372258991003036
27b5d1ea-99f2-4a29-bf14-7032df86b4be,ttzip,1,0,26.31.02.954292984,2026-09-28 14:35:37,,,26.31.02.954292984,bugs or crashes,0.5372792482376099
462d7255-016e-43e2-9858-a102b50bade6,Unfortunately shows wrong traffic info,2,0,26.38.01.980791571,2026-09-28 14:25:30,"That doesn't sound good, Mohammad. If you're running into issues with Google Maps, try these troubleshooting steps: goo.gle/43EOVsN. If it keeps happening, please send feedback here: goo.gle/43OR0Ce. Hope this helps.",2026-09-28 15:53:18,26.38.01.980791571,bugs or crashes,0.5696512460708618
99fe4512-a793-4ff5-8781-3bd3ffe6dd57,"NOT EVEN SHOWING MY REVIEW PROPERLY.STOP ASKING ME TO RATE THE PLACES I RATED B4!!!MALL SHOP LOCATIONS ALL INACCURATE.Y LET US TO RATE AGAIN WHEN WE RATED?!Can't EVEN CLICK THE REVIEWED PLACE FROM NOTIFICATION. CANT EVEN CHECK ADDING LOCATION CONTRIBUTION.NO LATEST UPDATE ON ROAD BLOCK ETC.can't review for permanently closed shop & some places.SPENT SO MUCH TIME TO EDIT THEN JUST GONE LIKE THAT?!NOT ALWAYS SAVE REVIEW DRAFT!🤬where tf is the ""nearby"" feature the web has?no toll amount&rate.",1,9,26.38.05.980791571,2026-09-28 14:25:20,"Hi there, we would love to learn more about the issue and help. Please create a post in our Google Maps forum so that our community of product experts can assist you goo.gle/3vosTcH.",2023-02-15 00:58:49,26.38.05.980791571,a feature request,0.9949567914009094
50d75696-65f2-4dfd-a5ca-52c917e98aaf,even with an update... put in an address for directions and hit go and it changes to something not even near what you entered and 20 miles or so away. very annoying Google maps do better,1,0,26.38.01.980791571,2026-09-28 14:19:56,"Hi Jackie. Let's try clearing your cache and uninstalling updates using these steps : goo.gle/3rF6Ewz. If it keeps happening, please send feedback here: goo.gle/43OR0Ce. Hope this helps.",2026-09-28 15:54:48,26.38.01.980791571,bugs or crashes,0.988218367099762
d9bcf655-dd2a-4afa-add8-87f4e41b7441,Good apps,5,0,26.38.01.980791571,2026-09-28 14:13:33,,,26.38.01.980791571,other,0.026318032294511795
5d3c189c-b925-4b90-9d36-46116f0bc923,nice,5,0,26.37.05.977222275,2026-09-28 14:12:09,,,26.37.05.977222275,other,0.0985482931137085
e49b0cff-1803-48e9-aad0-d555746fc462,this is a very good app,5,0,26.27.05.941319029,2026-09-28 13:59:35,,,26.27.05.941319029,other,0.008318182080984116
a4a653a7-0eb7-4a5e-831b-d919b0f6b7e1,good,5,0,26.36.03.973607363,2026-09-28 13:57:47,,,26.36.03.973607363,other,0.021383652463555336
048f3ab3-8a18-4afb-82eb-5949710938b1,best app,5,0,26.38.01.980791571,2026-09-28 13:55:11,,,26.38.01.980791571,other,0.015052101574838161
09ffe9ac-3b56-4927-8e72-d68eaf0b0c4e,nice,5,0,26.38.01.980791571,2026-09-28 13:50:55,,,26.38.01.980791571,other,0.0985482931137085
574cf155-4366-43c5-a824-718fcbd81449,very weak gps signal all of a sudden,1,0,26.38.01.980791571,2026-09-28 13:48:42,"That doesn’t sound good, Aritra. Here are a few tips on getting the most out of your location on Maps, goo.gle/3Q2acbB. Hope this helps.",2026-09-28 15:55:32,26.38.01.980791571,bugs or crashes,0.8140133023262024
353e34b0-41f5-45f0-84e6-a9a6331970f1,excellent app,5,0,26.38.01.980791571,2026-09-28 13:44:19,,,26.38.01.980791571,other,0.004123472608625889
164a2461-d276-406c-acc0-aec58236f069,East or west google map is best,5,0,26.38.01.980791571,2026-09-28 13:43:50,,,26.38.01.980791571,accessibility or readability problems,0.7372784614562988
f7e70398-134f-4296-8017-751c0e088839,"issue with Review feedbacks. when do review about a business or place, the owner replies to the review and I get email that I have received a reply for my review.when I click on the email link to read the full reply Google map is not able to open that link. Also if go to Google map/my profile and my reviews not able to see the reply for the review I made.",3,0,26.38.05.980791571,2026-09-28 13:35:34,,,26.38.05.980791571,accessibility or readability problems,0.9509483575820923
ffa2fad9-1c83-4f38-995e-83118df7ea06,vary good 👍,5,0,26.35.03.969485213,2026-09-28 13:33:34,,,26.35.03.969485213,other,0.08041683584451675
91121b46-e0ee-4aab-8678-cab8dd29ac72,I have mix feels about this app. Lately with new updates things seem to improve. But when I am at work and I check my drive home since I don't work in the same city that I live at I get wild and messed up path ways on the way back to my house.,2,0,26.38.01.980791571,2026-09-28 13:32:30,,,26.38.01.980791571,bugs or crashes,0.9188829660415649
a727501b-c0d4-4080-9c62-13b0353e6f0d,excellent in all ways,5,0,26.38.01.980791571,2026-09-28 13:31:25,,,26.38.01.980791571,other,0.006193660199642181
baecb6a3-f6ae-401c-906f-e9639db3291e,only thing is the speed. im only suppose to be going 50km/hr in residential areas not 85km/hr 😂,4,1,26.38.01.980791571,2026-09-28 13:27:31,,,26.38.01.980791571,a feature request,0.6107810139656067
759203e2-64f9-4569-8040-b6cf8ef48a5d,Good and nice,5,0,11.127.0102,2026-09-28 13:25:28,,,11.127.0102,other,0.041282255202531815
cdcd3dbf-8aa9-4942-a3ef-4e3998a89b62,I use this every single day for work and personal activities. It just makes life easier,5,0,26.38.01.980791571,2026-09-28 13:20:30,,,26.38.01.980791571,other,0.05795461684465408
01c280a8-8913-4660-ae6b-c5a1c405b6e3,incredible experience,5,0,26.12.05.884026066,2026-09-28 13:18:12,,,26.12.05.884026066,other,0.004599856678396463
b25625f2-0732-4ba5-927d-fb8188cc6b9a,Love trending videos daily app,5,0,26.29.02.946673643,2026-09-28 13:15:05,,,26.29.02.946673643,other,0.01026830542832613
89cb9b63-7234-4a38-a8e3-97463190f454,very nice App,5,0,26.38.01.980791571,2026-09-28 13:12:14,,,26.38.01.980791571,other,0.0027967586647719145
cb82943c-d940-4339-987a-44bb26c643c8,best,5,0,26.03.11.854872954,2026-09-28 13:05:29,,,26.03.11.854872954,other,0.3580182194709778
8a83d86e-be46-4a91-ba7e-6de9212cfebe,Nice work,5,0,26.39.04.984891338,2026-09-28 12:55:22,,,26.39.04.984891338,other,0.004816670436412096
f35e5926-f828-4c42-b08b-5774d3d019cc,all delete all rest all trecking all clear please help me,5,0,26.36.03.973607363,2026-09-28 12:51:47,,,26.36.03.973607363,bugs or crashes,0.9912337064743042
51e74cf5-dbf9-47a1-b035-83c48bf50e88,apps. roll. to. next. app. o er. the. app. youer. on,5,0,26.37.05.977222275,2026-09-28 12:45:46,,,26.37.05.977222275,bugs or crashes,0.6737193465232849
80c06d6b-c606-4b74-8e50-1c8e073d1485,so cool,5,0,,2026-09-28 12:36:15,,,,other,0.009189904667437077
23dcdc38-9e0b-4b20-8a1d-49f4254a8680,It is a very helpful app,5,0,26.37.05.977222275,2026-09-28 12:36:09,,,26.37.05.977222275,other,0.10934451967477798
4f6a0d85-2a5a-4e74-922e-5162fed25ca5,very useful,5,0,26.38.01.980791571,2026-09-28 12:35:37,,,26.38.01.980791571,other,0.01725234091281891
1b013d07-5d5f-4646-99f9-046169ba5f13,Surajkumar,2,1,9.47.3,2026-09-28 12:35:20,,,9.47.3,other,0.4067750573158264
b1d729cf-5aa5-474e-b8d7-6dba344118be,wow,5,0,26.38.01.980791571,2026-09-28 12:35:06,,,26.38.01.980791571,bugs or crashes,0.6300399303436279
837be1b8-f24e-4102-a31f-e1f678defb7c,good map,5,0,26.38.01.980791571,2026-09-28 12:29:13,,,26.38.01.980791571,other,0.01461866870522499
0d2ac436-ecc6-4548-9613-ed339a4afb4b,Nice maps,5,0,26.38.05.980791571,2026-09-28 12:28:33,,,26.38.05.980791571,other,0.0074843126349151134
d61d167a-293f-44b8-9802-a7e5843e1013,Good very Nice,5,0,26.15.02.894202351,2026-09-28 12:26:05,,,26.15.02.894202351,other,0.05249178409576416
4cdf491c-73da-4e29-abb2-acba1a308467,Many people benefit from these apps.,5,0,26.38.01.980791571,2026-09-28 12:24:20,,,26.38.01.980791571,other,0.017752865329384804
dd048d55-1656-413c-8dc5-192b44a75a53,Good app,5,0,26.38.01.980791571,2026-09-28 12:23:55,,,26.38.01.980791571,other,0.008635139092803001
c62d991a-c3ae-4d9b-8866-5d4b59828950,nice map app good working !!,5,0,26.32.06.958047303,2026-09-28 12:16:27,,,26.32.06.958047303,other,0.08224430680274963
cc76a3bd-ca18-4d24-942b-9d0ffbaa8a45,nice app,5,0,26.38.01.980791571,2026-09-28 12:12:30,,,26.38.01.980791571,other,0.0035492011811584234
d52287e3-8e47-4798-adba-92e96e743df5,My go to app!,5,0,26.38.01.980791571,2026-09-28 12:10:36,,,26.38.01.980791571,other,0.015466902405023575
86db6316-6360-412f-b86e-dcd2903442a1,very good,5,0,26.38.01.980791571,2026-09-28 12:06:35,,,26.38.01.980791571,other,0.025785954669117928
af861141-1c38-471c-9736-44575f1fc6d8,good 👍,5,0,26.38.01.980791571,2026-09-28 12:06:09,,,26.38.01.980791571,other,0.022820955142378807
ce928f01-c1f5-47ea-8e17-5789d5421cf6,road side,5,0,26.38.01.980791571,2026-09-28 12:04:39,,,26.38.01.980791571,bugs or crashes,0.7941738367080688
9c7435ba-3467-4ad3-8b90-b7b9451835fa,nares and,5,0,9.85.2,2026-09-28 11:57:35,,,9.85.2,"unclear pricing, privacy or unexplained changes",0.9787049293518066
db97f7c3-289b-4325-8ca0-7c4744f726e2,Good,5,0,26.38.01.980791571,2026-09-28 11:48:10,,,26.38.01.980791571,other,0.02357211522758007
e9c6f763-9d7f-448f-9959-710314eb8469,good app,5,0,26.38.01.980791571,2026-09-28 11:45:59,,,26.38.01.980791571,other,0.007675286382436752
ca01d0e9-0f96-4b13-9127-e2b39f5f0178,good app,5,0,26.38.01.980791571,2026-09-28 11:43:54,,,26.38.01.980791571,other,0.007675286382436752
e2c01d36-0102-4d47-a23d-a837d93f5346,Very useful app and satisfying app,5,0,26.38.01.980791571,2026-09-28 11:35:25,,,26.38.01.980791571,other,0.003303098026663065
139a8593-2e5b-4e57-b682-58c272905f1d,good for searching location,5,0,26.35.03.969485213,2026-09-28 11:31:00,,,26.35.03.969485213,other,0.0031540486961603165
c6be71ee-9934-43b0-b2d5-99571dbebe83,fabulous 🤩,5,0,25.49.06.838461706,2026-09-28 11:24:50,,,25.49.06.838461706,praise,0.5945373177528381
80f6a3e9-e813-4505-8aa6-735478447271,this app is very good,5,0,26.38.01.980791571,2026-09-28 11:15:15,,,26.38.01.980791571,other,0.005702855531126261
b4e42bf7-b8d9-4c53-ae6b-ca435fab9c79,Cannot send feedback (the button to submit just doesn't show up. The new voice sounds awful and is hard to understand. Let us get street names with the old assistant voice.,2,0,26.38.01.980791571,2026-09-28 11:14:15,"That doesn't sound good, Leiry. If you're running into issues with Google Maps, try these troubleshooting steps: goo.gle/43EOVsN. If it keeps happening, please send feedback here: goo.gle/43OR0Ce. Hope this helps.",2026-09-28 15:58:25,26.38.01.980791571,accessibility or readability problems,0.9596408009529114
9d6a68d9-92e6-4768-9c2d-d240ecc4c46f,Google map has a mistake that needs to be corrected. How can I contact someone.,1,0,26.38.01.980791571,2026-09-28 11:13:50,Hi Tony. I'd love to learn more about this issue and help! Please create a post in our Google Maps forum so our community of experts can assist you: goo.gle/3vosTcH. Hope this helps.,2026-09-28 13:48:51,26.38.01.980791571,bugs or crashes,0.8112100958824158
e581a912-a2eb-4bb2-b8d4-b8adda396dc2,The best of it kind. I love love 😋,5,0,26.14.09.891313448,2026-09-28 11:03:23,,,26.14.09.891313448,other,0.21517439186573029
91e9e4cd-4506-47aa-a8a9-3b1376fc378a,can't get shortcut on phone,1,0,11.72.0302,2026-09-28 11:01:55,,,11.72.0302,a feature request,0.9981366991996765
22b2a4ff-9838-4269-a987-df718e5b6688,STOP SWITCHING DAMN ROUTE! I chose it for a reason. At least ask.,1,0,26.38.01.980791571,2026-09-28 11:01:49,"That's not the experience I want you to have, Dalin. You can submit the details of what you're experiencing by following these steps: goo.gle/355m3NU, so our team gets the right information to help improve the app.",2026-09-28 13:47:58,26.38.01.980791571,bugs or crashes,0.9202103614807129
0c1840ca-1d48-4602-b03c-e899c9ea21f2,Very useful app.. Especially when touring new places. Must have.,5,0,26.39.04.984891338,2026-09-28 11:00:58,,,26.39.04.984891338,other,0.004389981273561716
63c151f4-75c5-4498-b553-8a95ec96b7a9,"I was told by Google ai gemini that there isn't anything that can fix Google strick system road recognition. so anyone coming to visit be prepared to park on the side of the highway make sure you get your snake boots and waders quite possibly a rope with a hook on it and a decent walking stick. And forget everything, you know about addresses like , like 123 road name common sense would tell you to look for road name , not google. it sends people to 321 other road name.",1,0,26.38.01.980791571,2026-09-28 10:47:48,,,26.38.01.980791571,bugs or crashes,0.9560160040855408
2d6b13af-3ca2-4249-ad45-03378e354a0b,Good Apps..,5,0,26.34.04.965633971,2026-09-28 10:40:48,,,26.34.04.965633971,other,0.009679799899458885
f5383bad-b3c0-4e86-b3dc-9a72be0f3801,"it's great with the directions, and yes you can add stops to your trip. but what about adding a preferred route? I've tried to when riding a bike to work for safer roads but couldn't.",5,1,26.39.04.984891338,2026-09-28 10:12:00,,,26.39.04.984891338,a feature request,0.9419804215431213
aa58cf72-150b-4347-bfdd-68b9f26ea110,"irritated, keeps popping up every few minutes",1,0,26.06.01.863982022,2026-09-28 10:10:32,,,26.06.01.863982022,bugs or crashes,0.8540317416191101
e7d11ee5-27b0-4f22-adbe-bcbf2426e4e0,"I guess we shouldn't be surprised you made it worse. The car icon replaced the blue dot and now the base program wasn't adapted for it; doesn't scale or mesh well. The car tends to just blot out a few blocks on the map which makes knowing when to turn in close streets because the zoom won't automatically adjust anymore. And the amount of times it changes your route to bring you to a location that paid for it, is significantly higher now.",1,0,26.38.01.980791571,2026-09-28 09:55:43,,,26.38.01.980791571,bugs or crashes,0.975537896156311
8f10f6f6-cb68-41f8-afa5-08eec6013cdf,Wasted hours of driving due to constant rerouting and bad directions once underway. Fine in most locations. garbage in new york city.,1,0,26.38.01.980791571,2026-09-28 09:53:14,"I understand your concern, Gianluca. You can submit the details of what you're experiencing by following these steps: goo.gle/355m3NU, so our team gets the right information to help improve the app.",2026-09-28 16:00:30,26.38.01.980791571,bugs or crashes,0.6806802749633789
29514b1c-b91b-4ccb-9982-80ab3771bff2,Why is Google changing names of lakes based on one country's ridiculous executive?,1,1,26.35.03.969485213,2026-09-28 09:52:09,,,26.35.03.969485213,"unclear pricing, privacy or unexplained changes",0.820697546005249
05b2908d-855a-4573-b149-0b51382c48d6,"The newest upgrade came with a new default voice that is TERRIBLE. Why is that the only voice available that is capable of saying street names? Having a harsh/flat American accent tell me what the best ""rowt"" is has pushed me to download mapquest. With all the technology available to Google, why can't they give me more than one (useful) voice option?!",2,0,26.38.01.980791571,2026-09-28 09:49:47,"I understand your concern, Kayte. You can submit the details of what you're experiencing by following these steps: goo.gle/355m3NU, so our team gets the right information to help improve the app.",2026-09-28 16:11:44,26.38.01.980791571,a feature request,0.9419826865196228
53b77282-9ce4-4b46-b044-1e3bad252cf3,nice,5,0,26.38.01.980791571,2026-09-28 09:40:44,,,26.38.01.980791571,other,0.0985482931137085
def7bfaa-5b63-4581-b279-eaa47282026b,Google now places sponsored search results at the top of the list that do not match the search criteria. If I could give it zero stars I would. Absolutely freaking ridiculous.,1,0,26.38.01.980791571,2026-09-28 09:33:26,,,26.38.01.980791571,accessibility or readability problems,0.5595080256462097
9854c451-53af-457b-b478-f18e8802312f,"Latest update changed the voice to, I suppose a more realistic female voice. However, it is a VERY irritating, gratiating and annoying voice. My goodness, Google please change the voice! Also, new voice does't always read the exit numbers and/or does so incorrectly.",3,0,26.34.04.965633971,2026-09-28 09:26:24,"That's not the experience I want you to have, Rahul. You can submit the details of what you're experiencing by following these steps: goo.gle/355m3NU, so our team gets the right information to help improve the app.",2026-09-28 16:10:42,26.34.04.965633971,accessibility or readability problems,0.974143922328949
05785c0e-6858-47d9-a61f-3bcd05f1e5e3,"searched for a business, clicked on the first result, drove there, it turned out to be a Sponsored Destination and not the place I searched for. paper maps don't treat me like this",2,0,26.38.01.980791571,2026-09-28 08:56:55,,,26.38.01.980791571,bugs or crashes,0.8784863352775574
3c9b0400-955f-408a-a964-222e048b5198,I haven't used this even once because I am always at home and I don't even go outside without knowing where I am going. but so far I think it's easy to use. I hope it is not often that this updates. I hate updates. it restarts my phone always. it sucks when I am using my phone then it shutsdown all of a sudden. PLEASE STOP UPDATING I ALREADY UPDATED THIS MY OPPOA5 KEEPS ON RESTARTING I CANT EVEN USE THIS. THANK YOU. PLEASE STOP UPDATING IT WORKS WELL AND MY PHONE KEEPS ON RESTARTING EVERYTIME,3,1,26.38.01.980791571,2026-09-28 08:52:22,"Hi Stephanie, if you're running into issues with Google Maps, try the troubleshooting steps here: https://goo.gle/43EOVsN. If you continue to experience the issue, send us feedback here: https://goo.gle/43OR0Ce. Appreciate it.",2026-05-21 11:09:03,26.38.01.980791571,bugs or crashes,0.9609114527702332
1366b56b-71c2-42fb-a8cd-8b446bce30e6,"I LOVE the addition of the landmarks to the experience. However, what I didn't love was when I ""navigated home"" from an unfamiliar area of town, it didn't take me home even though it showed me my home on the map. It kept taking me to the next available location with home in the title and sent me on a wild goose chase in downtown San Antonio. I had to actually pull over to the side of the road and type in my home address in order to navigate out of it.",4,0,26.38.01.980791571,2026-09-28 08:43:18,,,26.38.01.980791571,a feature request,0.8875217437744141
b438ddee-ddc7-40b5-bd67-c8871cdb3b4d,Does not avoid road closures. Was a closure yesterday but it still there and still mapped me in through it without rerouting,1,0,26.38.01.980791571,2026-09-28 08:15:30,"Hi Matthew. To help me look into this further, please create a post in our Google Maps Help Community. Our team and community experts can assist you there: goo.gle/3vosTcH. Thanks.",2026-09-28 09:36:48,26.38.01.980791571,a feature request,0.5823115110397339
121323a3-985a-4f86-b5dc-a6bfb87bfab0,Very good,5,1,26.38.01.980791571,2026-09-28 08:09:41,,,26.38.01.980791571,other,0.01780787855386734
8f182b84-80c0-4f14-a7d7-0f07be9b6b41,map histroy recovry,5,0,26.38.01.980791571,2026-09-28 07:45:29,,,26.38.01.980791571,other,0.41413241624832153
bc740ce2-7788-42b0-a1fe-5efac2284077,worst maps ever didn't even make understand avoid tolls it's always take you to express way,1,0,26.38.01.980791571,2026-09-28 07:40:15,"That's not the experience I want you to have, Rama. You can submit the details of what you're experiencing by following these steps: goo.gle/355m3NU, so our team gets the right information to help improve the app.",2026-09-28 13:43:01,26.38.01.980791571,"unclear pricing, privacy or unexplained changes",0.989050567150116
fcb6d255-d33a-43c3-be2f-f4d5f402679a,Good,5,0,11.127.0102,2026-09-28 07:27:53,,,11.127.0102,other,0.02357211522758007
feba2d8a-adc6-4088-a780-cb3889170249,I hate the new default voice. I like when it tells you the street names and it seems that only happens with the default voice,1,0,26.38.01.980791571,2026-09-28 07:17:59,"I understand your concern. You can submit the details of what you're experiencing by following these steps: goo.gle/355m3NU, so our team gets the right information to help improve the app.",2026-09-28 12:49:32,26.38.01.980791571,accessibility or readability problems,0.9135435819625854
f01761a5-9316-4f67-be47-cbfc9c9ce2e3,"if I put to different address, map is showing to my home",1,0,26.22.04.920688788,2026-09-28 07:05:46,"Hi Yashas. If you're running into issues with Google Maps, try these troubleshooting steps: goo.gle/43EOVsN. If it keeps happening, please send feedback here: goo.gle/43OR0Ce. Thanks.",2026-09-28 09:44:43,26.22.04.920688788,accessibility or readability problems,0.9116502404212952
dc345b5a-d219-41a0-832b-e10831dfe421,"Voice commands are completely broken now. Strange behaviour after recent update, can't zoom in on a location, it springs back to a higher level straight away after you zoom in. Also getting ""I'm sorry I didn't understand"" when using the okay google assistant command. It no longer understands ""Navigate to..."" or ""Navigate home""... makes hands free driving impossible. Also, what's with all the fake 5 stars from India? you incentivising people to upvote the app?",1,7,26.38.01.980791571,2026-09-28 06:57:15,"Hi Anthony. Thanks for the review. Let's give these steps a try: clear cache and uninstall the updates https://goo.gl/GW6uOo. If you continue to experience issues with this, please create a post in our Google Maps Forum for our community of experts to assist: https://goo.gl/tEyBk.",2019-11-24 04:17:49,26.38.01.980791571,bugs or crashes,0.9971536993980408
8986977b-a35e-4c98-837f-757cd82f0167,this app is broken is stuck on old outdated version,1,0,26.38.01.980791571,2026-09-28 06:56:57,"Hi Tina. You can report outdated Maps imagery by filling out this form: goo.gle/3xacRJG. I can't promise a specific timeline, but your feedback really helps guide updates!",2026-09-28 12:48:10,26.38.01.980791571,bugs or crashes,0.9997804760932922
12adf8d0-e575-4269-a75a-bc47473ab2f9,"Google Maps is a highly useful navigation app offering accurate directions, locations, traffic information, and business details. It makes planning journeys and discovering nearby places simple and convenient.",5,0,26.37.05.977222275,2026-09-28 06:51:15,,,26.37.05.977222275,other,0.0606350339949131
c903667b-d0c7-4adb-bcc3-9107735c5478,I HATE the new navigation voice. why can't I chose the navigation voice. I just changed itself on 9/25/26 to a snotty sounding personality.,3,0,26.35.03.969485213,2026-09-28 06:48:35,"I understand your concern, Prince. You can submit the details of what you're experiencing by following these steps: goo.gle/355m3NU, so our team gets the right information to help improve the app.",2026-09-28 12:46:28,26.35.03.969485213,a feature request,0.9497765898704529
f75c3c06-0dda-4436-8234-75f8f967b51e,it tries to get me kidnapped. sometimes it takes me on roads that turn into goat paths. otherwise it's pretty good.,4,0,26.39.04.984891338,2026-09-28 06:42:49,,,26.39.04.984891338,a feature request,0.5311787724494934
8570bdc5-657d-4fad-b196-14391b97bd69,unable to change shortcut name,1,0,26.38.01.980791571,2026-09-28 06:33:52,"That doesn’t sound good, Matt. I'd love to learn more about this issue and help! Please create a post in our Google Maps forum so our community of experts can assist you: goo.gle/3vosTcH. Hope this helps.",2026-09-28 12:44:49,26.38.01.980791571,a feature request,0.9892338514328003
294f8523-656c-43b0-a158-454afd5290cb,"Trump doesn't dictate names, the locals do.",1,0,26.38.01.980791571,2026-09-28 06:29:48,,,26.38.01.980791571,other,0.4387452006340027
8dae8175-a330-4eda-b65b-6b91a2cf706b,"changed her voice, i don't like it. doesn't just show all places anymore. quit hiding the addresses and collapsing the hours. your UI is a mess.",1,0,26.38.01.980791571,2026-09-28 06:27:50,,,26.38.01.980791571,a feature request,0.9926074743270874
fbde59f0-543f-4070-9a75-8549a02271d2,I hate the new voice. Bring the old one back.,1,0,26.38.01.980791571,2026-09-28 06:25:51,"I understand your concern, Brooke. You can submit the details of what you're experiencing by following these steps: goo.gle/355m3NU, so our team gets the right information to help improve the app.",2026-09-28 12:43:44,26.38.01.980791571,a feature request,0.9717152118682861
1f72bb38-012b-4bfd-93ba-8a041407c8f6,They changed the default US voice to a gross AI voice and removed the option to functionally use the original voice if you actually want to hear what road names you're turning on to. I will probably download a different navigation app to use if this doesn't get reversed.,1,0,26.38.01.980791571,2026-09-28 06:20:15,"I understand your concern, Ellie. You can submit the details of what you're experiencing by following these steps: goo.gle/355m3NU, so our team gets the right information to help improve the app.",2026-09-28 12:42:43,26.38.01.980791571,a feature request,0.9531511068344116
83764e82-e8c4-4ef2-8801-7eb5f0ee38d4,Super works great,5,0,26.38.01.980791571,2026-09-28 06:17:44,,,26.38.01.980791571,other,0.027488041669130325
bce7a8c7-3aa4-408c-89f1-ea3de7a116ef,Just stops working. I keep having to restart my phone/uninstall the app.,1,0,26.38.05.980791571,2026-09-28 06:13:33,"Hi Roxanne. If you're running into issues with Google Maps, try these troubleshooting steps: goo.gle/43EOVsN. If it keeps happening, please send feedback here: goo.gle/43OR0Ce. Thanks.",2026-09-28 09:48:02,26.38.05.980791571,bugs or crashes,0.9992020130157471
bcd44301-e1ef-4df9-bdc6-73d2fb6cce9d,good,5,0,,2026-09-28 06:05:41,,,,other,0.021383652463555336
b09a0eb5-ec67-4081-91b9-9d0a423557c3,The new voice prompts are very annoying. She sounds like she has a stuffed nosed and when she speaks the words are stretched too long. Please go back to the original voice.,2,0,26.38.01.980791571,2026-09-28 06:05:27,"I understand your concern, Luis. You can submit the details of what you're experiencing by following these steps: goo.gle/355m3NU, so our team gets the right information to help improve the app.",2026-09-28 12:41:39,26.38.01.980791571,a feature request,0.9729222655296326
783564b3-a0af-42a5-a993-13fa9a2ad17f,It kept taking me down a closed road and even when I tried to rerout it it INSISTED that it was the only way. Leaving me lost and stranded until it decided to finally tell me where I was actually going. I've had a better time getting around with the 10 year old GPS system built into my car.,1,0,26.38.05.980791571,2026-09-28 05:48:31,"That's not the experience I want you to have, Nathaniel. I'd love to learn more about this issue and help! Please create a post in our Google Maps forum so our community of experts can assist you: goo.gle/3vosTcH. Hope this helps.",2026-09-28 12:37:26,26.38.05.980791571,bugs or crashes,0.9047986268997192
059983c4-9cd0-4b0e-bf6f-49b7f11676a5,p I,4,0,26.38.05.980791571,2026-09-28 05:32:33,,,26.38.05.980791571,bugs or crashes,0.8315975666046143
c5a7b045-08a7-47a3-85ae-3ef1270828e6,imagine bending the knee to a tyrant the color of a moldy cheeto,1,1,26.39.04.984891338,2026-09-28 05:31:35,,,26.39.04.984891338,accessibility or readability problems,0.5953253507614136
b23edf46-2c19-4562-bb48-df3d92c3a24b,"What happened to this app? It will literally tell me to get in the wrong lane and choose slower routes all the time. I don't know if this is just bad updates or google embracing AI, but it never used to be this bad. You suck now. Stop it. Do Better. What's wrong with you, get some help.",2,1,26.38.01.980791571,2026-09-28 05:28:31,"That doesn’t sound good, Gordon. I'd love to learn more about this issue and help! Please create a post in our Google Maps forum so our community of experts can assist you: goo.gle/3vosTcH. Hope this helps.",2026-09-28 12:36:07,26.38.01.980791571,bugs or crashes,0.9867610335350037
6c820327-c5d9-403f-a331-2d47b4c5337d,there is no update in some places. like my home city Uthangarai (tk) Krishnagiri (dt) Tamilnadu state. past three years no update that area,1,1,26.39.04.984891338,2026-09-28 05:24:53,"Hi Karthick. You can report outdated Maps imagery by filling out this form: goo.gle/3xacRJG. I can't promise a specific timeline, but your feedback really helps guide updates!",2026-09-28 12:34:34,26.39.04.984891338,a feature request,0.7895786166191101
c62741f0-1d6b-4fd2-8d43-753fe476afdb,"it still don't use true size map, still using ridiculous mercator version",1,0,26.36.03.973607363,2026-09-28 05:15:57,,,26.36.03.973607363,accessibility or readability problems,0.9952614307403564
19961681-004d-4546-b57a-4318f139983e,F You,1,0,25.05.02.719889437,2026-09-28 05:14:56,,,25.05.02.719889437,bugs or crashes,0.9458864331245422
114c1e3e-e6fe-4443-a30a-2cf2f7fc808c,"Please update and mark more main/major roads (yellow lines) that already exist in many districts of Uttar Pradesh and other states of India, so that people can confidently use them by car. Many roads exist in reality but are not currently marked as main or major roads on Google Maps.🇮🇳🙏❤️",4,0,26.37.05.977222275,2026-09-28 05:08:40,,,26.37.05.977222275,a feature request,0.9669643044471741
26af6c58-3f32-4925-b8ce-73cacfe15cef,"we constantly are told to keep our eyes on the road, but when Google maps doesn't provide audible turn by turn directions, that becomes impossible to do. I've tried pretty much every suggestion (cleared the cache, changed the settings in multiple spots, uninstalled and reinstalled) but nada. UPDATE: So buried at the bottom of the Navigation page of the Settings page for Maps, there is a toggle switch for detailed audio announcements during walking. I flipped the switch and that restored audio.",2,1,26.38.00.981399775.W,2026-09-28 05:08:17,"That doesn't sound good, Jim. You can submit the details of what you're experiencing by following these steps: goo.gle/355m3NU, so our team gets the right information to help improve the app. Appreciate it.",2026-09-20 08:41:15,26.38.00.981399775.W,a feature request,0.9770845770835876
048d8458-4af0-4ffa-bf17-1302acda9221,I hate the new navigation voice. Bring back the original. Now Im really trying out Mapquest cause I hate the new voice.,1,0,26.38.01.980791571,2026-09-28 05:08:09,"Hi Roopa. You can submit the details of what you're experiencing by following these steps: goo.gle/355m3NU, so our team gets the right information to help improve the app.",2026-09-28 12:32:02,26.38.01.980791571,a feature request,0.9281595349311829
1cf9ff48-c7c2-4f60-8f2b-6ea9564baf2d,good,5,0,26.38.01.980791571,2026-09-28 05:01:51,,,26.38.01.980791571,other,0.021383652463555336
49b245f2-306e-416d-8360-e95cbf565bcb,excellent service,5,0,26.38.01.980791571,2026-09-28 04:55:43,,,26.38.01.980791571,other,0.0027120255399495363
62f72c3a-34de-41d5-b35d-323f281782f9,"I accidentally did a typo, it puts me to look at some stores in the USA that I'm not even there. I delete the typo and rewrite the name I'm looking for correctly only to loop me back at the store.",1,0,26.38.01.980791571,2026-09-28 04:43:53,"That's not the experience I want you to have, Darri. I'd love to learn more about this issue and help! Please create a post in our Google Maps forum so our community of experts can assist you: goo.gle/3vosTcH. Hope this helps.",2026-09-28 12:26:32,26.38.01.980791571,accessibility or readability problems,0.7625439763069153
8b27eb4d-3b11-4834-967c-7594bf3666d1,Mislabeled locations using made up names,1,0,26.38.01.980791571,2026-09-28 04:43:04,,,26.38.01.980791571,accessibility or readability problems,0.9208542704582214
693f34df-0add-4ab5-8c7a-26d8e80c5cd6,Fairly accurate. The bugs should be addressed. Otherwise it is fairly accurate,3,0,26.38.01.980791571,2026-09-28 04:41:51,,,26.38.01.980791571,bugs or crashes,0.9959310293197632
2b9263fb-13e1-4c2e-b491-b2a90e6cdd26,best,5,0,26.38.01.980791571,2026-09-28 04:41:14,,,26.38.01.980791571,other,0.3580182194709778
37c2b5fe-a85e-44ae-b962-18c442c74aa2,"I wish it would tell me my Autobahn exit is coming up a little more than 50 meters before it expects me to make the turn. going 130kph, 50m is just a tiny bit too close to get across 4 lanes. awesome, accidently updated, now i have the ai slop version. well, if ever there was a time to uninstall... bye bye google, you have spied enough.",1,0,26.38.05.980791571,2026-09-28 04:36:46,"Hi Nicole, thank you for your suggestion. Please send us all the details of your issue by following the steps in this article: https://goo.gle/355m3NU and the product team will have a deeper look. Appreciate it.",2025-02-04 12:11:10,26.38.05.980791571,bugs or crashes,0.9935771226882935
e36a86d1-6cd3-4e8e-8631-af192862fe66,only default used apps.,5,0,26.39.04.984891338,2026-09-28 04:24:43,,,26.39.04.984891338,other,0.22719931602478027
93223e89-3e00-4246-aaca-8bbc6053ae56,"ej rtc McCulloch l ovoviviparous nv ft ft i. Tap on a clip to paste it in the text box.Welcome to Gboard clipboard, any text you copy will be saved here.TqAndroid hold a clip to pin id clips wi the edit icon to pin, add or delete clips.Welcome to look at the list of a day for you I think the other by noon kickboxing lolGboard clipboard, any text yo at vg u copy will be saved here.",3,0,25.03.01.715545067,2026-09-28 04:23:15,,,25.03.01.715545067,accessibility or readability problems,0.8231171369552612
639eb413-5ed4-40fd-a545-4a0cf330ba11,This app is good and have many good uses . Except for navigation . FORCES PEOPLE TO GO THROUGH TOLLWAYS ON PURPOSE . EVEN THOUGH THERE IS A PERFECT SHORTER STREET FOR THE DESTINATION . EXQMPLE : I HAD 5 MILES TO THE DESTINATION AND THIS BEAUTY APP MADE ME GO AROUND JUST TO MAKE ME GO RHROUGH A TOLLWAY . TOLLWAY FOR 5 MILES TRIP . THAT MEANS THIS APP IS NOT GOOD FOR NAVIGATION.,2,0,26.38.01.980791571,2026-09-28 04:22:12,"That's not the experience I want you to have. You can submit the details of what you're experiencing by following these steps: goo.gle/355m3NU, so our team gets the right information to help improve the app.",2026-09-28 12:06:54,26.38.01.980791571,a feature request,0.9146062135696411
54db4b9e-28e7-480f-802a-0809ba69287d,Badol HSADG,5,0,26.37.05.977222275,2026-09-28 04:20:48,,,26.37.05.977222275,bugs or crashes,0.9543707966804504
4b4e4448-4159-4b3a-a1fb-e668cdb7b6fd,goo map,5,0,26.38.01.980791571,2026-09-28 04:19:26,,,26.38.01.980791571,other,0.36230891942977905
13ada83b-ee15-4131-86be-b9368405c1f1,nice,5,0,26.38.01.980791571,2026-09-28 04:02:37,,,26.38.01.980791571,other,0.0985482931137085
3108b57d-f67d-4f9d-acfe-632978db0239,timeline is not properly work. always showing low accuracy. and wrong location. please fix it,3,0,26.38.01.980791571,2026-09-28 03:58:49,,,26.38.01.980791571,bugs or crashes,0.9914880990982056
0ba0e1f2-1542-4edf-8ff7-4197dfe80c85,"Google maps has gone insane, this dynamic rerouting is taking me on bad routes. I want to be able to choose a route and drive it just like we used to be able to.",1,1,26.38.01.980791571,2026-09-28 03:45:18,"I understand your concern. You can submit the details of what you're experiencing by following these steps: goo.gle/355m3NU, so our team gets the right information to help improve the app.",2026-09-28 12:05:27,26.38.01.980791571,bugs or crashes,0.9873557090759277
29abe019-a949-4666-a2ee-590bec80f027,Can't effectively navigate with fictional American locations built into the app now.,1,0,26.32.06.958047303,2026-09-28 03:41:34,,,26.32.06.958047303,bugs or crashes,0.9749250411987305
dd971d74-355b-413b-ac1f-71ad73ce3660,COOL,5,0,,2026-09-28 03:39:34,,,,other,0.07042209059000015
e873ab54-9134-470e-8acf-554f1c5c9e37,my experience was so cool like whenever i needed to go somewhere untouchable place I just came to this app and went there with joyy.. really it's a great app.. I really appreciate❤,5,0,11.22.2,2026-09-28 03:36:32,,,11.22.2,other,0.013194398023188114
ef2d63bf-c27b-4219-b327-cbe5947f576d,Google you came a long way I remember when I walked to a Pay Phone on the corner just to use the Pay Phone in Cleveland Ohio Back in the 1960,5,0,26.38.01.980791571,2026-09-28 03:29:41,,,26.38.01.980791571,accessibility or readability problems,0.7072547078132629
905b95c6-f433-421d-a21e-adfdc297cafa,well hi hi hi ok me and I don't want the size and the size is lookout ✔️ is the size thanks again for all the help you have me scheduled for tomorrow at your convenience please let us know what is going okay,5,0,,2026-09-28 03:20:23,,,,a feature request,0.9002982378005981
d8aa1cc1-d314-4b7e-b6e0-837a5cb86b70,very good,5,0,26.38.01.980791571,2026-09-28 03:10:31,,,26.38.01.980791571,other,0.025785954669117928
5ec7d156-d033-487b-ba17-e405b3a7e731,best of all,5,0,26.38.01.980791571,2026-09-28 03:09:53,,,26.38.01.980791571,other,0.050193484872579575
5c0d19d2-85a7-4f8d-a296-102ec8ed8bcd,it offers navigation and info about the places. helps user to get info about the places,5,0,26.39.04.984891338,2026-09-28 03:05:56,,,26.39.04.984891338,other,0.026000909507274628
d87b544b-9870-4f3c-8a9e-30bc68bb3c69,This app comes in handy when it comes to showing traffic conditions in real time. I use it even when I know where I'm going.,5,0,26.38.01.980791571,2026-09-28 03:05:32,,,26.38.01.980791571,other,0.012396161444485188
516fac1f-c50c-40a6-b1f2-2ef5d8243fc2,I wanna explore.,5,0,,2026-09-28 03:03:52,,,,other,0.12177000939846039
95cf40f0-b565-492e-8712-81e9df219b17,"horrible update, default navigation voice is terrible, but other voices can't speak street names, I just need the old version!",1,1,26.39.04.984891338,2026-09-28 03:01:12,,,26.39.04.984891338,bugs or crashes,0.9711664915084839
1e196972-031e-484a-9161-9e549c972939,so nice product,5,0,,2026-09-28 02:42:56,,,,other,0.006462958641350269
76f8c377-694a-401b-a749-8d57e16eac18,Ók,5,0,9.72.2,2026-09-28 02:41:19,,,9.72.2,bugs or crashes,0.7643643021583557
a9fe83f0-bd78-4037-940f-dc9d0b731b71,"don't even know where to begin with the excessive turns, the new voice where the goal is to make it sound more ""natural"" yet only accomplishes adding annoying vocal stressors...",3,1,26.38.01.980791571,2026-09-28 02:39:39,,,26.38.01.980791571,a feature request,0.8959638476371765
727486fc-8be6-4178-9807-d03b57a244f7,spi less cowards catering to dictator Trump's every stupid whim. F... Google and all their products. they are driven by greed and incompetence now.,1,1,26.38.01.980791571,2026-09-28 02:39:27,,,26.38.01.980791571,bugs or crashes,0.7461121082305908
21491060-1df1-4915-bc63-30ac160d017d,goggle has been a great help for me and easy to understand what's happening thank you goggle 👍,5,0,26.38.01.980791571,2026-09-28 02:37:29,,,26.38.01.980791571,accessibility or readability problems,0.9247955679893494
890a5da2-38ec-40c8-b7d8-0216051f8fc9,"I absolutely love Google Maps, but I hate the voice on the latest update!!! I prefer using Google Maps with street names, otherwise I would revert to the other US version. If something isn't broke, then why fix it? The new AI update does not pronounce the street names correctly.",2,1,26.38.01.980791571,2026-09-28 02:30:32,,,26.38.01.980791571,accessibility or readability problems,0.6120432615280151
c121037e-7b2f-4fe5-8819-3d77c0bc77b3,"Changed the english voice, now sounds annoying and whiny.",1,0,26.38.01.980791571,2026-09-28 02:21:48,,,26.38.01.980791571,bugs or crashes,0.7346652150154114
1fe75046-2d26-4dce-8e74-b3deb9aaa1e7,good,3,0,26.06.01.863982022,2026-09-28 02:19:22,,,26.06.01.863982022,other,0.021383652463555336
946e226b-a990-4629-8c8f-a3983a38ba61,"Since the latest update, many of my saved lists have 0 places, especially my ""Want to go"" list!! Seriously!? It took me years to build those lists and suddenly they're gone! On the other hand, I can see them in the web version. What's going on Google!!!",1,0,26.38.05.980791571,2026-09-28 02:18:09,"Hi Milan. Let's try clearing your cache and uninstalling updates using these steps : goo.gle/3rF6Ewz. If it keeps happening, please send feedback here: goo.gle/43OR0Ce. Hope this helps.",2026-09-28 11:57:01,26.38.05.980791571,"unclear pricing, privacy or unexplained changes",0.8621751666069031
9818db43-c9af-4ddb-892e-2a7b31957654,your map is not up-to-date. better need to update. still stuck in the year 2025,1,0,26.38.01.980791571,2026-09-28 02:13:03,"That doesn’t sound good, Leventh. Please check the following article for more information on how to troubleshoot this issue: https://goo.gle/47afyZR. If you’re still running into trouble, please send me feedback here: goo.gle/3W3S178. Hope this helps.",2026-09-28 03:17:54,26.38.01.980791571,bugs or crashes,0.5329572558403015
a982b75c-5f3a-4410-a47c-126f95eb8d2a,how do I change back to the original navigation voice? I cannot stand this AI generated garbage navigation voice. I tried switching it in my settings and it doesn't look like it's an option. we don't all want this we should have a choice this is ridiculous and obnoxious,1,57,26.38.01.980791571,2026-09-28 02:07:54,,,26.38.01.980791571,a feature request,0.9335672855377197
7695d54b-beff-4c2c-aee8-259cdd9d662e,"very useful app for finding places, getting directions, and planning trips. I use it whenever I need to find a location or figure out how to get somewhere. The map is easy to understand, and the navigation feature makes travelling more convenient.",5,0,26.37.05.977222275,2026-09-28 01:58:34,,,26.37.05.977222275,other,0.010566014796495438
9d7a6714-5ceb-4cb4-b473-08fccb8fa163,bahut Achcha location app,5,0,26.35.03.969485213,2026-09-28 01:56:29,,,26.35.03.969485213,other,0.24213078618049622
39b314db-8a59-4010-83b4-bf2d32cfabc4,"I am so irritated with no start button showing up now!! I get a Preview button, and readable directions. not a good thing when driving and need it. Time to install a good map app.",3,0,26.38.01.980791571,2026-09-28 01:48:02,"That doesn’t sound good, Tracy. You can click on the ""Your location"" box to change the start location while in the directions preview page by checking out the steps here: https://goo.gle/3ZXrwSo. Hope this helps.",2026-09-28 11:55:30,26.38.01.980791571,accessibility or readability problems,0.9909992218017578
89d20072-2a4a-4c9b-ab4b-ba535ac6ab95,👍,5,0,26.18.01.905972481,2026-09-28 01:44:02,,,26.18.01.905972481,bugs or crashes,0.6859960556030273
0b1a7137-dddf-4bb6-951a-e3f3798863e1,Good luck,4,0,26.37.05.977222275,2026-09-28 01:42:31,,,26.37.05.977222275,other,0.4940793812274933
f36783fd-3713-4e93-a70f-bd97f823cbb7,Every voice option should say the street names,3,0,26.38.01.980791571,2026-09-28 01:40:57,"That doesn't sound good, Jessica. Let's give these steps a try, clear cache and uninstall the updates: https://goo.gle/3oW0tVa. Hope this helps.",2024-04-19 11:09:35,26.38.01.980791571,accessibility or readability problems,0.8852532505989075
043724e2-30bf-4311-9ab5-8b4c0be73054,good apss,5,0,26.36.03.973607363,2026-09-28 01:40:18,,,26.36.03.973607363,other,0.02811848372220993
f9467251-d60f-4b06-967a-d209933b269f,"The GPS navigation keeps lagging and freezing. Although the app is running, the navigation is not usable because the map remains stuck and does not update my location while driving.",1,0,25.07.02.724926918,2026-09-28 01:37:46,"Hi Jeffrey. If you're running into issues with Google Maps, try these troubleshooting steps: goo.gle/43EOVsN. If it keeps happening, please send feedback here: goo.gle/43OR0Ce. Also, Here are a few tips on getting the most out of your location on Maps, goo.gle/3Q2acbB. Thanks.",2026-09-28 09:26:38,25.07.02.724926918,bugs or crashes,0.9986993670463562
d3501bfd-fb09-42d6-b690-a400a19720a1,"⭐⭐⭐⭐⭐ Google Maps is an excellent and reliable navigation app. It makes it easy to find locations, get accurate directions, check traffic conditions, and discover nearby places like restaurants, hotels, and shops. I also appreciate the estimated travel times and alternative routes, which make planning journeys much easier. The interface is user-friendly, and the app is very helpful when exploring unfamiliar places. Overall, a very useful app for everyday travel and navigation. Highly recommende",5,0,11.140.0104,2026-09-28 01:37:34,,,11.140.0104,other,0.07266108691692352
eed9db65-e4cb-47ee-9adc-307b131f400c,"forced to update to new version which is rubbish,no sound,ive tried everything mentioned to fix,i mean everything,still no sound,no mute sound icon on screen either.that is why i never updated from old version as that worked on my phone,now it doesn't, 🤣",1,1,26.38.01.980791571,2026-09-28 01:30:55,,,26.38.01.980791571,bugs or crashes,0.9627611041069031
c3f3d637-4e72-4ee3-8205-2bbada61c2ef,constantly losing gps signal,1,0,26.38.01.980791571,2026-09-28 01:26:26,"Hi Chad. Here are a few tips on getting the most out of your location on Maps, goo.gle/3Q2acbB. Hope this helps.",2026-09-28 01:39:39,26.38.01.980791571,bugs or crashes,0.9946839213371277
7c4189e8-f58c-4f3f-8c98-753b76053a18,This app is so good.,5,0,26.37.06.977222275,2026-09-28 01:24:50,,,26.37.06.977222275,other,0.015884902328252792
3dcabc7d-79ff-48b2-ae30-5aa85fdb7852,ok,5,0,26.38.01.980791571,2026-09-28 01:21:43,,,26.38.01.980791571,other,0.3308021128177643
8f6a712f-b46a-44f5-a8e7-07f85aacb5c2,good,5,0,11.125.0102,2026-09-28 01:11:39,,,11.125.0102,other,0.021383652463555336
855830d3-4143-4afb-9e8f-2e5565bba3be,bad app,1,0,26.38.01.980791571,2026-09-28 01:09:10,,,26.38.01.980791571,bugs or crashes,0.9979850053787231
31f81386-e7ea-4adc-a998-061445854303,"After new update it no longer provides correct or accurate information verbally. It will advise you to turn multiple times when there is no turn in the road anywhere close by. It doesn't provide any names of any road, exit, etc. It now states for you to continue straight instead of a slight left when it shows you needing to get onto a different road than you are currently on. Ill try to leave it on mute at all times while driving. If it still doesn't work for me I'll need to switch to Apple",1,0,26.38.01.980791571,2026-09-28 00:56:15,"Hi Lydia. To help me look into this further, please create a post in our Google Maps Help Community. Our team and community experts can assist you there: goo.gle/3vosTcH. Hope this helps.",2026-09-28 08:56:18,26.38.01.980791571,accessibility or readability problems,0.942558228969574
bd763b7c-988c-4040-beec-d64328c2fbc1,good,5,0,26.35.03.969485213,2026-09-28 00:53:05,,,26.35.03.969485213,other,0.021383652463555336
dafe71f8-5c61-44a9-a78a-a95f7e5fbd79,good,4,0,26.36.03.973607363,2026-09-28 00:51:15,,,26.36.03.973607363,other,0.021383652463555336
af7ad011-664a-49bd-843e-057e6423d71b,New voice is so annoying.,1,1,26.38.01.980791571,2026-09-28 00:50:20,,,26.38.01.980791571,a feature request,0.9216965436935425
165928bf-8eab-4337-85d4-79d5aee292bb,"They removed the ability to see your ""Leave at"" time. so now it just says ""Typically X minutes.""",1,1,26.38.01.980791571,2026-09-28 00:45:33,"Hi Leslie. You can submit the details of what you're experiencing by following these steps: goo.gle/355m3NU, so our team gets the right information to help improve the app.",2026-09-28 08:52:31,26.38.01.980791571,"unclear pricing, privacy or unexplained changes",0.9382396340370178
3f1ebb70-1092-4bbe-b273-40ac5164c8d5,no use,3,0,26.37.06.977222275,2026-09-28 00:40:40,,,26.37.06.977222275,bugs or crashes,0.8880683183670044
2ca3d6b5-2946-4236-9355-a17bb72b7433,Plz change maps photo also we need new one 😊👌,4,0,26.38.01.980791571,2026-09-28 00:38:18,,,26.38.01.980791571,a feature request,0.9862649440765381
b8a53f0d-7cea-4dbe-a3f6-4a36ed18cf52,"Hate the new AI voice. She's more difficult to understand, and she creeps me out. I tried looking online, on the Google maps forum, and the community/help center, and on this page for somewhere to submit official feedback, and could find nowhere. nowhere. so, one star review it is. I have uninstalled updates to the app just so I would not have to hear the new AI voice lady.",1,1,26.08.05.870506946,2026-09-28 00:32:24,,,26.08.05.870506946,other,0.43674856424331665
a703e9ca-49a8-435a-a819-194232965f15,good,5,0,25.32.00.790560726,2026-09-28 00:28:54,,,25.32.00.790560726,other,0.021383652463555336
2d476acd-bd74-43f0-a076-79d7c910762d,Can't understand changing names if bodies of waters because an orange told them to so they could get a tax reduction. Could never be me,1,1,26.38.01.980791571,2026-09-28 00:22:09,,,26.38.01.980791571,"unclear pricing, privacy or unexplained changes",0.9515295028686523
063404d7-df98-42d4-bb01-c27dd32001d0,Error problem,4,0,26.38.01.980791571,2026-09-28 00:20:51,,,26.38.01.980791571,bugs or crashes,0.9981968402862549
c9e5221e-3cc7-4767-8ce0-5384fbfb8da9,Fequent can't be updated,1,0,26.38.01.980791571,2026-09-28 00:20:34,,,26.38.01.980791571,a feature request,0.9753980040550232
63be183a-7ce4-48a7-b7f3-aac1b7def1a5,Good,4,0,10.63.6,2026-09-28 00:20:18,,,10.63.6,other,0.02357211522758007
9209d583-6e85-44d4-9f09-145493cc7c58,"I use maps constantly. multiple times a day usually. for some reason I cannot get my Satellite view to work. it is set to open in Satellite mode but doesn't. I have to go in every time, unelect it, then deselect it for it to populate. Troubleshooting hasn't helped. I hate selected rules don't work. I use a Galaxy S26 Ultra, you think Google would fix it on a popular phone like that.",1,0,26.38.01.980791571,2026-09-28 00:19:40,"Hi Brian. To help me look into this further, please create a post in our Google Maps Help Community. Our team and community experts can assist you there: goo.gle/3vosTcH. Thanks.",2026-09-28 08:50:09,26.38.01.980791571,bugs or crashes,0.9943462014198303
bf0525c6-30fb-4c06-812a-566419909595,poor maps,3,0,26.38.01.980791571,2026-09-28 00:07:36,,,26.38.01.980791571,accessibility or readability problems,0.9931230545043945
0f617e6e-d726-48b9-914f-53db1ede84dd,Good,5,0,25.47.08.832980099,2026-09-28 00:06:38,,,25.47.08.832980099,other,0.02357211522758007
d952faf8-b993-4c97-985f-3bf371530f59,It made me walk rounds and took me extremely far away from my destination and told me to go back from where I started again!! this happens all the time!,1,1,26.38.01.980791571,2026-09-27 23:49:55,"That doesn’t sound good, Juweria. I'd love to learn more about this issue and help! Please create a post in our Google Maps forum so our community of experts can assist you: goo.gle/3vosTcH. Hope this helps.",2026-09-28 17:51:18,26.38.01.980791571,bugs or crashes,0.9981086254119873
3aa4ed37-09d0-4bb5-a894-e828f8d7d884,Good night,4,0,26.37.05.977222275,2026-09-27 23:38:46,,,26.37.05.977222275,bugs or crashes,0.6467499136924744
37e93a2c-43cc-4230-ab6a-d2ab9d9fe3b2,"Can we please have the option to change the color of map icons? Also, the new voice on maps sounds like a no makeup having, bottle glasses wearing, tight lipped, fascist, feminist, snobby, smart mouthed, female liberal. Just saying.",3,0,26.38.01.980791571,2026-09-27 23:37:28,,,26.38.01.980791571,a feature request,0.9914299249649048
3532bf07-e997-420a-b27a-29fcae92f439,Nitesh,1,0,11.127.0102,2026-09-27 23:35:30,,,11.127.0102,bugs or crashes,0.7355032563209534
d3d9bc3e-51d2-44fb-8556-74ccb3c13d87,stop changing names of places at the whim of the current administration. total bs,1,1,26.38.05.980791571,2026-09-27 23:22:40,,,26.38.05.980791571,a feature request,0.7505552768707275
7f1b934e-3a4c-4932-908f-40787137f6bd,walking and cycle routes you cant actually change it to these routes it just keeps putting you back to road which is a longer route.,1,0,26.38.01.980791571,2026-09-27 23:10:55,"I understand your concern, Gillian. You can submit the details of what you're experiencing by following these steps: goo.gle/355m3NU, so our team gets the right information to help improve the app.",2026-09-28 08:46:32,26.38.01.980791571,a feature request,0.9869035482406616
8e656beb-196d-4a1f-8f4b-880171429a3f,canals or other branches color should be in blue 🔵,3,0,26.38.01.980791571,2026-09-27 23:08:23,,,26.38.01.980791571,a feature request,0.8904784321784973
cbee8372-f646-4d54-8b43-dac142a44673,better info updated,4,1,26.38.01.980791571,2026-09-27 22:55:13,,,26.38.01.980791571,other,0.4956989884376526
f5a123ed-d933-45d3-b6dd-13f64fca4e0a,very useful apps,5,0,26.38.01.980791571,2026-09-27 22:52:07,,,26.38.01.980791571,other,0.00554772699251771
4fb50af0-3370-46ef-9ca5-93baa128e808,deleting this Trumper garbage,1,1,26.38.01.980791571,2026-09-27 22:45:13,,,26.38.01.980791571,bugs or crashes,0.6012174487113953
402aaa03-e23c-402c-80e0-8cb9b054ea61,"why Google maps showing us all Raikway stations, metro stations and etc on car and bike preview... its making mess. and when I actually want to know tge name of railway station/ bus stop by zoom in it doesn't show it. wt d heck you are doing. city like mumbai seems so messy on maps coz of it. I cant srkect proper route I wanted coz of it. please give option",2,0,26.38.01.980791571,2026-09-27 22:43:50,"Hi Santosh. You can submit the details of what you're experiencing by following these steps: goo.gle/355m3NU, so our team gets the right information to help improve the app.",2026-09-28 08:40:30,26.38.01.980791571,a feature request,0.9752029776573181
75cc70af-836e-49f8-9189-38847da46229,Nice,4,0,25.22.00.763125252,2026-09-27 22:43:34,,,25.22.00.763125252,other,0.0576569102704525
239d0ebc-754f-4a0b-8c2d-09e71c9becc0,Zero integrity when fascism comes around.,1,1,26.38.01.980791571,2026-09-27 22:34:08,,,26.38.01.980791571,"unclear pricing, privacy or unexplained changes",0.610205352306366
529d144b-2ffb-47c0-84fa-5939f37e86e8,don't take this service they are not responding correctly ...we have taken 1 year service for cockroaches but they came only twice and result was zero no use waste of money..,1,0,26.38.01.980791571,2026-09-27 22:31:36,,,26.38.01.980791571,"unclear pricing, privacy or unexplained changes",0.9796431064605713
f72b59e9-0588-481a-a770-db862810d0d3,"Google Maps is still one of the most useful navigation apps, but lately it feels inconsistent. When it works, it’s excellent for live traffic, places, reviews, Street View and rerouting. But some updates make the experience feel worse — wrong routes, settings not saving, confusing UI changes, and heavier performance. For me, it’s still useful, but not perfect anymore. I’d give this version around 72%: powerful app, but Google needs to focus more on reliability than adding extra features.",4,5,26.38.01.980791571,2026-09-27 22:30:59,,,26.38.01.980791571,bugs or crashes,0.9953216314315796
69e1c18d-a774-4fca-a3b9-e0bcef712e1a,No more compatible with android 444,1,0,26.35.03.969485213,2026-09-27 22:28:35,,,26.35.03.969485213,bugs or crashes,0.9203944206237793
fd4a5000-0c19-4fea-b059-9c7ca174a309,The glitches with these recent updates are not helpful. One in particular is when I have the phone screen off and it'll sudden lose GPS signal or provide the wrong directions.,2,0,26.38.05.980791571,2026-09-27 22:22:46,"Hi Hervey. If you're running into issues with Google Maps, try these troubleshooting steps: goo.gle/43EOVsN. If it keeps happening, please send feedback here: goo.gle/43OR0Ce. Also, Here are a few tips on getting the most out of your location on Maps, goo.gle/3Q2acbB. Thanks.",2026-09-28 08:25:04,26.38.05.980791571,bugs or crashes,0.9993823766708374
60792c07-84b1-4cac-9b9d-981e1b1e5805,Sporty bet,5,0,9.47.3,2026-09-27 22:09:51,,,9.47.3,other,0.11044381558895111
04bf6866-d07c-4a70-a69b-bdf728e8a642,so useful,5,0,26.38.05.980791571,2026-09-27 22:07:48,,,26.38.05.980791571,other,0.011770973913371563
41fc2274-6f3f-44ac-be27-faaaed209edf,😄😄😄😄😄😄😄😄😄😄😄😄😄😄😄😄😄😄😄😄😄😄😄😄😄😄😄😄😄😄😄😄😄😄😄😄😄😄😄,1,0,26.38.01.980791571,2026-09-27 22:07:13,,,26.38.01.980791571,bugs or crashes,0.6464131474494934
52d23bfa-0e50-4337-9c01-24fa756dc704,naiv,5,0,11.12.3,2026-09-27 22:06:20,,,11.12.3,bugs or crashes,0.7667577266693115
4f98705c-b011-4ebf-91c5-73e5252b07f1,verry slowe 😡,1,0,26.37.06.977222275,2026-09-27 21:47:02,,,26.37.06.977222275,bugs or crashes,0.9742852449417114
19e22674-fa51-452a-8339-ab1e7ff4d0e1,good,5,0,,2026-09-27 21:41:44,,,,other,0.021383652463555336
4ea6c2ef-1443-4057-930f-2c5a799376fe,"The app is amazing; however, it often fails to suggest city buses, for example, from Dublin to Dublin Airport, and instead recommends paid options. I think this is done intentionally.",1,0,26.38.05.980791571,2026-09-27 21:19:42,,,26.38.05.980791571,a feature request,0.91071617603302
c7ac6f8c-7775-465e-a6a9-b4075957a8bd,good,5,0,26.38.01.980791571,2026-09-27 21:16:31,,,26.38.01.980791571,other,0.021383652463555336
59348711-e00c-436f-b577-a1a0b7171879,ಓಪನ್ ದಿಸ್ ಆಪ್,4,0,,2026-09-27 21:13:34,,,,bugs or crashes,0.9343757033348083
bcab371e-125c-4b60-b78c-6cdce48186a2,A2m infotech Pvt Ltd,5,0,26.35.03.969485213,2026-09-27 21:13:21,,,26.35.03.969485213,other,0.25617313385009766
b7c5ecf9-517a-4b73-9cb5-53b9b627be1d,very bad,1,0,26.38.01.980791571,2026-09-27 21:12:26,,,26.38.01.980791571,bugs or crashes,0.9733815789222717
a1497628-30d8-4eaa-ac5c-38ada372f14f,the food was very taste and fresh,5,0,26.35.03.969485213,2026-09-27 21:07:29,,,26.35.03.969485213,other,0.004043481778353453
ec6ab4c7-24b7-4a4d-af84-ccdf84b69147,Worst. I don't know why my app is not working properly,3,0,26.38.01.980791571,2026-09-27 21:06:52,That doesn’t sound good. I'd love to learn more about this issue and help! Please create a post in our Google Maps forum so our community of experts can assist you: goo.gle/3vosTcH. Hope this helps.,2026-09-28 01:20:28,26.38.01.980791571,bugs or crashes,0.9981403946876526
76628ecd-264d-4902-8979-0a505e7b73a0,I love it thank you google map for guide me for locations,5,0,26.38.01.980791571,2026-09-27 20:58:04,,,26.38.01.980791571,other,0.008081600069999695
50eaaf3a-b630-4f0a-b209-532e2975b663,good service,5,0,26.28.03.942936911,2026-09-27 20:56:06,,,26.28.03.942936911,other,0.006844823248684406
444e9139-fb76-44b4-8ae5-8e7628d3283d,Helpful,5,0,10.83.1,2026-09-27 20:51:34,,,10.83.1,bugs or crashes,0.6777964234352112
bcc24728-09a6-4373-ac0b-e8b2c611aa34,I think it is hilarious that Google has become a partisan tech company. literally trying to rewrite history and the world map. Trying to get rid of most of the Google products I use.,1,0,25.38.02.806933749,2026-09-27 20:50:24,,,25.38.02.806933749,other,0.2595289647579193
a363c1a9-acb7-4724-af3a-e70aa581ef82,Good app,5,0,26.37.05.977222275,2026-09-27 20:46:05,,,26.37.05.977222275,other,0.008635139092803001
73dbd111-9aaf-435b-9dbf-cec3612b2c79,good,5,0,25.38.02.806933749,2026-09-27 20:43:56,,,25.38.02.806933749,other,0.021383652463555336
e86a6b25-cdb6-44d5-80a3-8428cfe34cab,very good app,5,0,26.38.01.980791571,2026-09-27 20:37:01,,,26.38.01.980791571,other,0.008810475468635559
26f4f353-8f66-4187-b170-52c1a70e67b0,good,5,0,26.33.02.961351034,2026-09-27 20:35:56,,,26.33.02.961351034,other,0.021383652463555336
44b770aa-6dcb-43dc-8544-3ab7c11349d4,beat app,5,0,26.38.01.980791571,2026-09-27 20:34:35,,,26.38.01.980791571,bugs or crashes,0.9970760941505432
e2df9c0f-5c3e-4434-96bd-e1e706b07dcb,best tourist map on India,5,0,26.38.01.980791571,2026-09-27 20:33:13,,,26.38.01.980791571,other,0.038134291768074036
7c9f572a-78c8-436d-b0e6-17004dc405ac,good work for during traveling new places,5,0,10.69.0,2026-09-27 20:31:24,,,10.69.0,other,0.01280262041836977
399e3abd-fd09-451c-976b-67c1e301dc8e,FANTASTIC,5,0,26.38.01.980791571,2026-09-27 20:30:26,,,26.38.01.980791571,other,0.025711040943861008
07f9fe9a-8bb3-40ac-a0fc-c2194311bae1,very helpful,5,0,26.38.01.980791571,2026-09-27 20:29:29,,,26.38.01.980791571,other,0.17430709302425385
2540d991-840b-4db4-85a4-16c11d2b503c,Google Map is my way to go app. Ive always use it and its so helpful app,5,0,26.26.03.935742811,2026-09-27 20:21:41,,,26.26.03.935742811,other,0.09367278963327408
862d2164-e122-4593-b85d-b51fa1d9e850,she,1,0,26.34.02.965633971,2026-09-27 20:20:10,,,26.34.02.965633971,bugs or crashes,0.888138473033905
2f57f045-24e0-4684-9b61-8601e6f6687c,This app would be so much better if we could edit and save our preferred routes for avoiding toll roads.,1,0,26.38.01.980791571,2026-09-27 20:19:53,"Hi Nunyo. You can submit the details of what you're experiencing by following these steps: goo.gle/355m3NU, so our team gets the right information to help improve the app.",2026-09-28 08:15:35,26.38.01.980791571,a feature request,0.9842655658721924
d4fa3b8e-30fd-42a9-8571-a6acde21b7f7,goodfood good service,5,0,11.60.0703,2026-09-27 20:11:23,,,11.60.0703,other,0.019793907180428505
d3ac87f6-a6bd-417e-8cdb-9c1dc10beb0a,"What happened since the update...This feels terrible to use now and just want to close it as soon as I start the route. It isn't nice to look at at all. Also since forever once you approach the destination it shuts the route down, says you arrived yet doesn't fully pin point where on what side of the road etc. So you always pull over, press back, open again to try and see where it is.",1,0,26.38.01.980791571,2026-09-27 20:09:16,"That doesn't sound good, Alyce. Let's try clearing your cache and uninstalling updates using these steps : goo.gle/3rF6Ewz. If it keeps happening, please send feedback here: goo.gle/43OR0Ce. Hope this helps.",2026-09-27 20:21:06,26.38.01.980791571,bugs or crashes,0.9963437914848328
7bebe5be-70ca-4ad4-84f7-618b620782cd,i have trouble for directions.,1,0,11.154.0103,2026-09-27 20:05:46,"That doesn’t sound good, Fatima. I'd love to learn more about this issue and help! Please create a post in our Google Maps forum so our community of experts can assist you: goo.gle/3vosTcH. Hope this helps.",2026-09-27 20:20:23,11.154.0103,accessibility or readability problems,0.8340024352073669
04ec3697-3e1b-4e26-9699-ff8c195fa474,godd app,2,0,,2026-09-27 20:03:22,,,,bugs or crashes,0.83570396900177
60a2481b-96ef-410c-aa73-b005e57ce6db,it does not know that in Berlin roads ate closed because of the marathon...embarrassing!,1,0,26.38.01.980791571,2026-09-27 20:01:36,"That doesn’t sound good, Lorenzo. I'd love to learn more about this issue and help! Please create a post in our Google Maps forum so our community of experts can assist you: goo.gle/3vosTcH. Hope this helps.",2026-09-27 20:20:08,26.38.01.980791571,other,0.45943427085876465
7c294924-0c8b-4b63-ae70-cd41264aea07,Nice,3,0,26.04.01.857847151,2026-09-27 19:49:52,,,26.04.01.857847151,other,0.0576569102704525
18c3c461-a39d-4680-95c3-d9abfe383111,Ssdew,2,0,9.9.0,2026-09-27 19:45:36,,,9.9.0,bugs or crashes,0.8934337496757507
91e56206-fd81-4f6d-8ef8-f46cb8426338,काकड शंकर वागलोडा,3,0,11.138.0201,2026-09-27 19:43:37,,,11.138.0201,bugs or crashes,0.8030378222465515
c36c32cc-e92c-4ae5-900c-27e50e21f0b9,"it would have been better if it was announcing when the speed cameras are coming upfront, that was the only thing I would really appreciate",4,0,26.38.01.980791571,2026-09-27 19:43:24,,,26.38.01.980791571,a feature request,0.9949851036071777
c9fd71eb-dae5-4014-a8f3-014cd703b6d0,good,5,0,11.18.3,2026-09-27 19:30:47,,,11.18.3,other,0.021383652463555336
4e5bff16-3fdd-4bdb-af64-cccaf367100a,Very good,5,0,26.37.06.977222275,2026-09-27 19:27:43,,,26.37.06.977222275,other,0.01780787855386734
4d854360-1002-4b34-843b-8707eb38d11a,great,5,0,26.38.01.980791571,2026-09-27 18:56:54,,,26.38.01.980791571,other,0.06779555976390839
17200804-d7cf-4d48-845d-5e6a593e647b,I don't have direction,1,0,26.38.01.980791571,2026-09-27 18:54:24,,,26.38.01.980791571,"unclear pricing, privacy or unexplained changes",0.9364680051803589
146179a9-c610-4bbd-91d1-dceda7475639,good,5,0,26.38.01.980791571,2026-09-27 18:50:43,,,26.38.01.980791571,other,0.021383652463555336
eb85ac06-0563-4997-b681-cd13dac32704,good,5,0,,2026-09-27 18:43:49,,,,other,0.021383652463555336
a8dadfbe-b969-4189-9206-a25bb2bbfc5e,maps is useful in our world,5,0,26.38.01.980791571,2026-09-27 18:43:34,,,26.38.01.980791571,other,0.051686596125364304
4da94bf3-cc6c-47fb-888a-0e04dec21ea5,very best,5,0,26.37.05.977222275,2026-09-27 18:41:33,,,26.37.05.977222275,other,0.16313108801841736
6565f002-d7ee-4e62-b7f8-e1b2519dfa1d,mind blowing app,5,0,26.38.01.980791571,2026-09-27 18:38:18,,,26.38.01.980791571,other,0.0010558334179222584
7a6987a1-7589-43d4-92fb-bf4df8afa6ac,nice,5,0,26.38.01.980791571,2026-09-27 18:36:43,,,26.38.01.980791571,other,0.0985482931137085
7ba72af9-c26c-4eff-838e-a0c657a970b3,nice app,5,0,26.38.01.980791571,2026-09-27 18:34:46,,,26.38.01.980791571,other,0.0035492011811584234
e0ac3be4-74c7-4282-a544-fb020d3f7773,very nice app,5,0,26.37.05.977222275,2026-09-27 18:33:22,,,26.37.05.977222275,other,0.005155486986041069
8486f99c-e01e-4fc8-81f2-0adcdd3477c8,good,5,0,26.38.01.980791571,2026-09-27 18:21:35,,,26.38.01.980791571,other,0.021383652463555336
bf0228c1-9568-416b-8c8b-0495c738d89a,Nya nya nya!?,5,0,26.38.05.980791571,2026-09-27 18:20:56,,,26.38.05.980791571,bugs or crashes,0.8879954218864441
9367f163-e2d3-4a3f-ae2d-ffd2b66a2e0a,good,4,0,,2026-09-27 18:17:27,,,,other,0.021383652463555336
ba2ea587-5d52-4361-a8c6-107affeaf41f,it's good only that it's slow,5,0,,2026-09-27 18:16:39,,,,accessibility or readability problems,0.867034912109375
4176b2ee-069b-40fa-8bd1-fc1e7b96bfc2,they help to open account online and send thanks 🙏🙏🙏,5,0,26.38.01.980791571,2026-09-27 18:15:40,,,26.38.01.980791571,other,0.0005126238684169948
95f71d04-4f83-4386-9be6-a0efd5af0b4c,best maps 👈👈👍🗞️,4,0,10.63.1,2026-09-27 18:01:17,,,10.63.1,other,0.03430921956896782
a6651ec2-5eab-4f07-b86b-fade25843a3e,good,5,0,25.49.06.838461706,2026-09-27 17:58:02,,,25.49.06.838461706,other,0.021383652463555336
d8861194-4598-404b-982d-e7ab6ad2ae25,V.nice,4,0,25.47.08.832980099,2026-09-27 17:52:21,,,25.47.08.832980099,other,0.15591749548912048
593d6c9e-117a-44ae-9cc7-ae3ce0e3aa2c,no maximum speed can be set for cars...,3,0,26.38.01.980791571,2026-09-27 17:52:10,,,26.38.01.980791571,a feature request,0.8909018039703369
dacf40ef-53d2-4af3-b1ca-28ec957c7318,wrong information of location,1,0,26.38.01.980791571,2026-09-27 17:46:51,"That doesn’t sound good, Subhan. I'd love to learn more about this issue and help! Please create a post in our Google Maps forum so our community of experts can assist you: goo.gle/3vosTcH. Hope this helps.",2026-09-27 19:14:11,26.38.01.980791571,"unclear pricing, privacy or unexplained changes",0.8637815117835999
b7beb2fc-014f-4fb0-8b0b-e696a18d2c5b,pls add for heavy vehicles it helps for easy drive it does not show national highway only state highway. loss of time energy fuel This is not a good for google,5,0,26.38.01.980791571,2026-09-27 17:40:55,,,26.38.01.980791571,a feature request,0.9283662438392639
3600ed03-b78b-491b-8ef1-8197d465cacc,great experience strongly recommend,5,0,26.38.01.980791571,2026-09-27 17:40:17,,,26.38.01.980791571,other,0.0006631150608882308
a20e9582-e4c3-4e6c-8504-d27082424ff3,used to work perfectly but recently had become really clunky and unresponsive,2,0,26.38.01.980791571,2026-09-27 17:38:56,"That doesn't sound good, Clifford. If you're running into issues with Google Maps, try these troubleshooting steps: goo.gle/43EOVsN. If it keeps happening, please send feedback here: goo.gle/43OR0Ce. Hope this helps.",2026-09-27 19:17:30,26.38.01.980791571,bugs or crashes,0.9976637959480286
189c552c-c469-4bed-b5de-33264695bbd2,Nice app,5,0,26.38.01.980791571,2026-09-27 17:29:04,,,26.38.01.980791571,other,0.004934629891067743
b681d47b-6d6c-4b43-995c-d7673ef1bada,perfect app like this,5,0,26.38.01.980791571,2026-09-27 17:24:48,,,26.38.01.980791571,other,0.007470752112567425
562d9259-b511-4d48-848b-03faf9e110f8,good app,5,0,26.38.01.980791571,2026-09-27 17:24:31,,,26.38.01.980791571,other,0.007675286382436752
3969c85a-5ce7-48a9-b6fc-956faa83511f,Best,5,0,26.34.04.965633971,2026-09-27 17:23:14,,,26.34.04.965633971,other,0.2511952519416809
fbe3e98e-f904-45f4-954d-c367890e8f1e,good,5,0,26.33.02.961351034,2026-09-27 17:19:40,,,26.33.02.961351034,other,0.021383652463555336
f3fe68fc-0501-4f40-867e-8e5080a75aed,goodapp,5,0,11.72.0302,2026-09-27 17:16:00,,,11.72.0302,other,0.026727110147476196
85a3cc85-5c74-4338-8ecf-25c6fdc7f66e,useful app,5,0,26.37.05.977222275,2026-09-27 17:14:17,,,26.37.05.977222275,other,0.0015027603367343545
28073fad-0d7a-461e-9c17-1c88ddac549b,best map,5,0,26.37.05.977222275,2026-09-27 17:12:51,,,26.37.05.977222275,other,0.023198872804641724
be531e8a-f65b-474d-8f5a-0559c4bac266,good app 👍,5,0,26.37.05.977222275,2026-09-27 17:09:34,,,26.37.05.977222275,other,0.004524493124336004
db426d0f-9b91-4418-9fb1-e60b8958227b,nice app and most usefull,5,0,26.38.01.980791571,2026-09-27 17:05:23,,,26.38.01.980791571,other,0.006029801443219185
328c669a-013e-4018-8ed6-93c7d52f16ac,it is very useful app. I used this app multiple times and each time it is very helpful to me . I am glad that I have this type of app in emergency.,5,0,26.35.03.969485213,2026-09-27 17:05:19,,,26.35.03.969485213,other,0.25918179750442505
6eb56a15-19b5-45c2-81b9-4b7d43a548e4,nice app,5,0,26.35.05.969485213,2026-09-27 17:04:46,,,26.35.05.969485213,other,0.0035492011811584234
c407bfa4-134a-4119-b019-733dd4c28b55,the app was very good and the location is current,5,0,26.38.01.980791571,2026-09-27 17:02:09,,,26.38.01.980791571,other,0.020439909771084785
40a6eb35-928a-4dee-8a90-20709765ea02,this app Best for location,5,0,26.38.01.980791571,2026-09-27 17:01:41,,,26.38.01.980791571,other,0.0047186207957565784
ffe9add4-8713-4103-af17-51c5d0f17099,nice but often it asks for update,5,0,26.38.01.980791571,2026-09-27 16:59:41,,,26.38.01.980791571,bugs or crashes,0.8947147727012634
f1ac8fc4-989c-48b3-ba09-151bc7748a1b,help full app,5,0,26.38.01.980791571,2026-09-27 16:58:47,,,26.38.01.980791571,bugs or crashes,0.9446555376052856
3dcda7ac-3947-4253-a78f-33090e336710,wow best app ♥️😍,5,0,26.14.09.891313448,2026-09-27 16:58:23,,,26.14.09.891313448,other,0.010134510695934296
fa588028-fff7-4135-9871-80ad2a749508,samjhne mein aasan,5,0,25.32.00.790560726,2026-09-27 16:54:45,,,25.32.00.790560726,accessibility or readability problems,0.7934689521789551
cf538fa3-ba62-463e-8f5e-398fc342e179,hi show location and we find location very very easily.,3,0,26.38.01.980791571,2026-09-27 16:54:29,,,26.38.01.980791571,other,0.289718896150589
749c0ce4-436d-42d4-b598-7ca37851823b,every time showing wrong locations,1,0,26.38.01.980791571,2026-09-27 16:52:28,"That's not the experience I want you to have, Sheikh. I'd love to learn more about this issue and help! Please create a post in our Google Maps forum so our community of experts can assist you: goo.gle/3vosTcH. Hope this helps.",2026-09-27 19:23:56,26.38.01.980791571,bugs or crashes,0.9703486561775208
3f354696-a8a3-4603-8c29-7653bccade8f,best app,5,0,26.38.01.980791571,2026-09-27 16:51:30,,,26.38.01.980791571,other,0.015052101574838161
83da884e-1f99-4363-9760-03bab014882c,I like this app,5,0,26.38.01.980791571,2026-09-27 16:49:28,,,26.38.01.980791571,other,0.002418928314000368
d13b72f5-9355-4a46-aeaf-a1b8aabddb79,"never works properly .. I'm in latest version does remember bookmarks , fails to load place details unless done twice",1,1,26.38.01.980791571,2026-09-27 16:49:25,"That doesn't sound good, Jason. If you're running into issues with Google Maps, make sure you are on the latest version of Google Maps: https://goo.gle/43EOVsN. If you continue to experience the issue, send us feedback here: goo.gle/43OR0Ce. Appreciate it.",2026-03-09 21:32:26,26.38.01.980791571,bugs or crashes,0.9991599321365356
b0faff75-574a-468f-b05e-63ee1e1519b1,mast,5,0,26.31.02.954292984,2026-09-27 16:47:45,,,26.31.02.954292984,bugs or crashes,0.7421091794967651
bf15af29-1926-4ff5-b084-0f9dab60b772,stories are nice,5,0,26.33.02.961351034,2026-09-27 16:45:54,,,26.33.02.961351034,other,0.016115158796310425
ada22685-827b-47ea-b704-173d53f1a23e,Hassanin,5,0,26.38.01.980791571,2026-09-27 16:44:03,,,26.38.01.980791571,bugs or crashes,0.6341179609298706
e6417132-22be-4104-88ae-d5c5d0fd1002,Not updated,3,0,26.38.01.980791571,2026-09-27 16:41:19,,,26.38.01.980791571,accessibility or readability problems,0.8848628401756287
1f9547b0-d736-471c-8547-29566f839048,impressive,5,0,26.38.01.980791571,2026-09-27 16:40:29,,,26.38.01.980791571,other,0.013805018737912178
f04a8c92-e6e7-4088-9e23-8b8b6cf246f8,↔️↕️,5,0,26.38.01.980791571,2026-09-27 16:37:38,,,26.38.01.980791571,bugs or crashes,0.8485685586929321
220cae8e-f7c4-440f-8f28-0c5e86fcdefa,"I had a relaxing massage session here. The service was good, the staff was friendly, and the overall environment was comfortable",5,0,26.18.01.905972481,2026-09-27 16:37:10,,,26.18.01.905972481,other,0.03606155142188072
ce1b2fa1-6de3-4c9c-8d00-fe5fb1c6546f,sonu,4,0,,2026-09-27 16:33:39,,,,bugs or crashes,0.8605641722679138
64cd3efc-5cff-4eb4-b300-9a9b9209c667,nice app,5,0,26.38.01.980791571,2026-09-27 16:32:38,,,26.38.01.980791571,other,0.0035492011811584234
97cc4126-0ef1-451c-8790-049677321117,nice,5,0,26.38.01.980791571,2026-09-27 16:32:30,,,26.38.01.980791571,other,0.0985482931137085
4b1b1108-3847-4be2-9e8c-600b6b4234d1,Convenient vertical format on mobile,5,0,26.33.02.961351034,2026-09-27 16:32:23,,,26.33.02.961351034,other,0.03875085711479187
c5ddb686-1a5a-47ff-a1eb-77c6e6d18da2,good,5,0,25.06.01.722405665,2026-09-27 16:25:12,,,25.06.01.722405665,other,0.021383652463555336
e1d98179-8b85-41ee-aebd-c917519cfbae,good,5,0,26.38.01.980791571,2026-09-27 16:25:05,,,26.38.01.980791571,other,0.021383652463555336
93827acd-2741-4f55-8fc4-3d187210e31e,inaccurate,2,0,26.38.01.980791571,2026-09-27 16:24:01,,,26.38.01.980791571,accessibility or readability problems,0.9234189391136169
88a5ec41-e586-4b61-9260-1c94e87f727f,One of the best apps ever,5,0,11.152.0100,2026-09-27 16:22:32,,,11.152.0100,other,0.004855932202190161
4d8205f3-cdb3-463a-862b-2bc1319dd9c3,Best app,5,0,26.34.04.965633971,2026-09-27 16:20:18,,,26.34.04.965633971,other,0.008800710551440716
09b446ea-5fe0-4119-b3e1-7ab663a03cc9,best map,5,0,26.38.01.980791571,2026-09-27 16:20:09,,,26.38.01.980791571,other,0.023198872804641724
903cdc5a-ab01-4c03-a881-7f9e172d5d55,Google pay,5,0,26.34.04.965633971,2026-09-27 16:19:59,,,26.34.04.965633971,other,0.47363603115081787
fd5dc8a5-9cd8-41eb-a2be-34d44762efee,Best App of google,5,0,10.63.6,2026-09-27 16:19:30,,,10.63.6,other,0.011346261948347092
719d4c8e-e5d2-4693-b834-704b64e3569d,use full app,5,0,26.38.01.980791571,2026-09-27 16:18:28,,,26.38.01.980791571,other,0.16708147525787354
27702e1b-6fb2-4479-87e2-b246ec6c00ba,deleted my timeline out of nowhere.,1,0,26.38.01.980791571,2026-09-27 16:17:54,,,26.38.01.980791571,bugs or crashes,0.982910692691803
4b11ddfc-31e9-420d-b8fb-8d62f705b1ff,nice app,5,0,26.36.03.973607363,2026-09-27 16:16:48,,,26.36.03.973607363,other,0.0035492011811584234
e3cc0a08-5064-439c-8985-e48b7da56bd9,badiya hai,5,0,26.38.01.980791571,2026-09-27 16:12:43,,,26.38.01.980791571,bugs or crashes,0.9076398611068726
dbd98411-3762-4395-b7b8-b4458fe31b95,"H the, which is a great deal of time and money on the way, I have a few days. I have a few minutes. I have am a beautiful person. if you want.",5,0,26.38.01.980791571,2026-09-27 16:11:44,,,26.38.01.980791571,other,0.25239136815071106
f0fa91d7-e143-4fef-9849-3d77c02725cd,it is very useful to use it,5,0,26.20.01.913318892,2026-09-27 16:11:31,,,26.20.01.913318892,other,0.008641812950372696
1ca83553-1070-4de1-b9c9-f4669bcb3def,very bed Automatic Dark mode on ho jata jabki satting me off kar rakha jese Dhup me jate Dark Nagetive mode on ho rha hai please esko changa karo,1,0,26.38.01.980791571,2026-09-27 16:06:03,,,26.38.01.980791571,a feature request,0.9957479238510132
144ad029-430a-4864-8d71-4df7076b4afc,Its Very good,5,0,26.38.01.980791571,2026-09-27 16:05:18,,,26.38.01.980791571,other,0.0036110086366534233
992b0e2c-ae1f-4cac-aa72-992e7265d674,never find in my life like this navigation system,5,0,26.38.01.980791571,2026-09-27 16:00:56,,,26.38.01.980791571,other,0.3262881636619568
3c2f478e-f123-40d9-ae43-0ed2be3f0c2f,Good,5,0,10.56.1,2026-09-27 15:47:32,,,10.56.1,other,0.02357211522758007
550eb5b0-0d6f-40e9-95b2-13f37dc857ac,I faced a good experience,5,0,26.38.01.980791571,2026-09-27 15:42:55,,,26.38.01.980791571,other,0.005346737336367369
1967ab30-9b1b-4ad4-9d06-a39acbd767fe,Best app,5,0,26.29.02.946673643,2026-09-27 15:41:39,,,26.29.02.946673643,other,0.008800710551440716
2b741505-9374-4f08-8913-9deb08211f37,the web tracking is so good,5,0,26.38.01.980791571,2026-09-27 15:32:43,,,26.38.01.980791571,other,0.006883908994495869
f8b1442f-348c-4d27-b98a-75c5b6da4210,"having major issues lately. all recent locations have now gone. cant stay connected. sends me the longest and worst route. google, please fix this app.",1,0,26.38.01.980791571,2026-09-27 15:32:38,,,26.38.01.980791571,bugs or crashes,0.9980801343917847
ee115c30-da6b-4a97-9d4f-603db7882fad,mast app hai,5,0,26.37.05.977222275,2026-09-27 15:29:47,,,26.37.05.977222275,accessibility or readability problems,0.8216716647148132
ffb02fa6-e029-44d2-a9ab-4f78587247ee,nice app,5,0,26.38.01.980791571,2026-09-27 15:28:01,,,26.38.01.980791571,other,0.0035492011811584234
f7dc1098-142d-42d4-b02d-3d7e9f4e4afa,"horrible, redirects you to the most random places, doesn't know how to take you places. Half the time the app is outright wrong.",1,1,26.39.04.984891338,2026-09-27 15:20:45,"That's not the experience I want you to have, Adam. I'd love to learn more about this issue and help! Please create a post in our Google Maps forum so our community of experts can assist you: goo.gle/3vosTcH. Hope this helps.",2026-09-27 15:59:25,26.39.04.984891338,bugs or crashes,0.9982151389122009
abcb76a2-9740-40a2-941d-54d340eb332e,it is very best app,5,0,26.38.01.980791571,2026-09-27 15:17:53,,,26.38.01.980791571,other,0.017641250044107437
684e9642-6d6b-4e9a-9f48-3e23b74d1d74,please. update it and add new images because many places are changed. many new homes and towns have been made. special in hlaingbwe burma town,2,0,25.49.06.838461706,2026-09-27 15:13:41,"Hi there. You can report outdated Maps imagery by filling out this form: goo.gle/3xacRJG. I can't promise a specific timeline, but your feedback really helps guide updates!",2026-09-27 15:16:55,25.49.06.838461706,a feature request,0.9433596730232239
51a46d14-9904-475c-8795-85ebce61334e,useful,5,0,26.38.01.980791571,2026-09-27 15:11:55,,,26.38.01.980791571,other,0.04211254417896271
71b32262-8ecd-42de-b983-a5ee2f36539e,i love app,5,0,26.38.01.980791571,2026-09-27 15:06:44,,,26.38.01.980791571,other,0.005539651960134506
d4b96191-71d3-4161-9c3d-dfa87922f1df,Verry usefull app,1,0,11.127.0102,2026-09-27 15:00:01,,,11.127.0102,other,0.003560844575986266
e17cc99b-dadd-4c31-8cd2-268389281ab5,..good,5,0,11.127.0102,2026-09-27 14:56:26,,,11.127.0102,other,0.021855095401406288
3e4cf838-0de0-4f3a-8d0f-04332dc4f3bd,Best for map,5,0,26.38.01.980791571,2026-09-27 14:55:23,,,26.38.01.980791571,other,0.1028912365436554
9a59f905-2d3a-45c4-b44b-368e48d98335,best app,5,0,26.38.01.980791571,2026-09-27 14:54:55,,,26.38.01.980791571,other,0.015052101574838161
bea3f74a-02ad-4dda-b423-b805cc263102,good,5,0,26.35.03.969485213,2026-09-27 14:54:22,,,26.35.03.969485213,other,0.021383652463555336
9254ab12-f3f0-4ef7-af67-098041c36e9e,best map app,5,0,26.36.03.973607363,2026-09-27 14:53:48,,,26.36.03.973607363,other,0.04394106939435005
15f78eda-2ee8-4aee-aeb9-5845c6e4175e,This app is very important,5,0,25.32.00.790560726,2026-09-27 14:46:37,,,25.32.00.790560726,other,0.20199722051620483
6d22931e-b48e-4926-bf1c-05d8501d53d1,very good app bahut hi Achcha bahut hi very very good,5,0,26.38.01.980791571,2026-09-27 14:42:42,,,26.38.01.980791571,other,0.272169291973114
1d42fb86-cfe5-49cf-ba07-2459385d1299,best map,5,0,26.38.01.980791571,2026-09-27 14:39:13,,,26.38.01.980791571,other,0.023198872804641724
e537a415-66e1-4b22-8ca9-7e5b00d54aaa,working app nice 👍🏻,5,0,26.36.03.973607363,2026-09-27 14:39:10,,,26.36.03.973607363,other,0.006651096977293491
5b0c9f4b-4995-4b63-8674-959ad45276c4,dictation always right,5,0,26.38.01.980791571,2026-09-27 14:36:59,,,26.38.01.980791571,other,0.02028026431798935
93c83525-46f2-436a-9e98-84e678fa232b,good,5,0,26.38.01.980791571,2026-09-27 14:35:45,,,26.38.01.980791571,other,0.021383652463555336
8a612729-6a46-40de-bbb5-a097c98f04a1,his is very helpful,5,0,26.26.03.935742811,2026-09-27 14:31:25,,,26.26.03.935742811,other,0.18392913043498993
dec50e5f-f060-4f3f-90f5-eab521f354ac,good app*,5,0,26.38.01.980791571,2026-09-27 14:30:00,,,26.38.01.980791571,other,0.010731207206845284
1cb39ae3-7268-4034-937d-341d13edaa05,it's not working,1,0,26.38.05.980791571,2026-09-27 14:29:59,"That doesn’t sound good, Pratheesh. I'd love to learn more about this issue and help! Please create a post in our Google Maps forum so our community of experts can assist you: goo.gle/3vosTcH. Hope this helps.",2026-09-27 15:15:32,26.38.05.980791571,bugs or crashes,0.9989990592002869
3bf4e674-2d46-48f0-91d8-e80d7aba38ec,useful application,5,0,26.38.01.980791571,2026-09-27 14:25:32,,,26.38.01.980791571,other,0.0008788098348304629
f8b65bef-13cc-47ee-8c57-3ccf3f25a6aa,very good,5,0,26.38.01.980791571,2026-09-27 14:22:42,,,26.38.01.980791571,other,0.025785954669117928
f4d6a139-0cd3-4223-b28d-212e26970066,very good,5,0,,2026-09-27 14:22:05,,,,other,0.025785954669117928
07233cdc-b995-41d9-be73-31751f9f0e08,this is very good app for finding places,5,0,26.21.01.916832833,2026-09-27 14:21:25,,,26.21.01.916832833,other,0.0010702867293730378
97852496-ece1-46cd-b750-cc2a74687a59,"I think the map works better, but please keep working on it and improving it. Because honestly, there's a lot of work to do, and I think the maps work better on the iPhone. And please make it so that when approaching an intersection, the map tilts to show the turn; often, when I approach a turn, I simply can't see it because the map is at the wrong angle.",5,0,26.38.05.980791571,2026-09-27 14:19:19,,,26.38.05.980791571,a feature request,0.9505650401115417
a7529cfe-02b8-4d36-9232-e8003a91ffd6,best maps,5,0,26.38.01.980791571,2026-09-27 14:15:43,,,26.38.01.980791571,other,0.03594281151890755
c08ac64b-fc77-4258-9cab-f3472a5588c9,Maganda,5,0,10.69.0,2026-09-27 14:14:58,,,10.69.0,bugs or crashes,0.6320030093193054
d6edada4-cbd4-45cc-a199-b64e534e4442,super,4,0,26.38.01.980791571,2026-09-27 14:12:02,,,26.38.01.980791571,other,0.353982150554657
72b007b6-f8c0-4868-96b3-26175ef9f6d8,Best app,5,0,26.37.05.977222275,2026-09-27 14:11:33,,,26.37.05.977222275,other,0.008800710551440716
1517d9ee-aac6-4012-bee1-718fba55b505,very useful,5,0,26.38.01.980791571,2026-09-27 14:09:17,,,26.38.01.980791571,other,0.01725234091281891
5902c6af-8e5c-4489-918d-efdfd5ea03f2,nice,5,0,26.38.01.980791571,2026-09-27 14:07:31,,,26.38.01.980791571,other,0.0985482931137085
9da9cc16-5be8-4382-9bf8-a7ec510ba83c,great app,5,0,26.38.01.980791571,2026-09-27 14:06:16,,,26.38.01.980791571,other,0.003638972295448184
8f710792-fe81-4954-9d9f-8bdb5114aec6,best app,5,0,26.38.01.980791571,2026-09-27 14:04:35,,,26.38.01.980791571,other,0.015052101574838161
bb606958-6eff-47a1-ad15-e377ebcdaec1,this app is very helpful,5,0,26.18.01.905972481,2026-09-27 14:01:08,,,26.18.01.905972481,other,0.14323614537715912
567329ed-c4a7-483f-ac71-219087610f87,this is nice app,5,0,26.38.01.980791571,2026-09-27 14:00:43,,,26.38.01.980791571,other,0.003170604584738612
b8337582-31cc-4bec-a3fd-c00f83f08296,good app,5,0,26.34.04.965633971,2026-09-27 13:58:58,,,26.34.04.965633971,other,0.007675286382436752
05c78c3b-f9c1-454c-85db-7cb975d54f77,A patheticly bad app that fights the user just to show sponsored ad content. hiding basic business information by locking out users who are not logged in. a truly pathetic company that does not deserve to exist,1,5,26.17.05.901412876,2026-09-27 13:56:58,,,26.17.05.901412876,"unclear pricing, privacy or unexplained changes",0.5432620644569397
173e6f73-d0f8-457e-a9bd-cc86de391347,very usefull,5,0,26.38.01.980791571,2026-09-27 13:55:48,,,26.38.01.980791571,other,0.015019170008599758
e994ba00-634a-44cb-9ad3-5add0b4f8391,Really nice app,5,0,26.38.01.980791571,2026-09-27 13:54:54,,,26.38.01.980791571,other,0.006297275424003601
2597fa06-870c-437c-bc1a-15873a7fb8e6,good 😊,5,0,26.38.01.980791571,2026-09-27 13:51:31,,,26.38.01.980791571,other,0.023552214726805687
93052574-5c86-49a9-b1dd-728b14f57a85,nice app,5,0,26.38.01.980791571,2026-09-27 13:51:29,,,26.38.01.980791571,other,0.0035492011811584234
37f63e6c-a901-42fe-af4c-c8a5c4daf689,nice,5,0,26.38.01.980791571,2026-09-27 13:51:25,,,26.38.01.980791571,other,0.0985482931137085
0f566a5b-c3c0-46be-8552-9cbebca34192,nice app 👍,5,0,26.38.01.980791571,2026-09-27 13:50:44,,,26.38.01.980791571,other,0.00332732405513525
9618101c-9c4e-4601-9165-91649ee91c9c,I can't choose other road and only a private road going to a gated farm so I can't find a way to go there 😞,2,0,26.37.05.977222275,2026-09-27 13:49:50,,,26.37.05.977222275,"unclear pricing, privacy or unexplained changes",0.9604443311691284
92a34699-b04e-4f1c-a07f-8132675a8b2c,beautiful,5,0,26.38.01.980791571,2026-09-27 13:49:42,,,26.38.01.980791571,other,0.006486841011792421
8ddddf7d-1e2e-4485-8dbd-d7df89cc1191,best navigation app,5,0,,2026-09-27 13:48:26,,,,other,0.01985824853181839
cf87ce94-9d5d-428a-81c2-b54519a658aa,good 👍,5,0,26.08.05.870506946,2026-09-27 13:45:35,,,26.08.05.870506946,other,0.022820955142378807
c6fb0aec-28f9-4c98-b896-ad56fe56cc0e,best Good application,5,0,26.38.01.980791571,2026-09-27 13:44:38,,,26.38.01.980791571,other,0.0021743003744632006
256aad69-0111-41fb-ad65-6ba5a7796409,we NEED how to report when the street has holes and damages or batches.,1,0,26.38.01.980791571,2026-09-27 13:43:45,"Hi Airton. Thanks for the suggestion, I'll pass this information along to the right team!",2026-09-27 15:27:14,26.38.01.980791571,a feature request,0.9862057566642761
c40a892f-853b-4fa9-a2f0-cc92dc336c07,Good app 👍🏼,5,0,26.38.01.980791571,2026-09-27 13:43:12,,,26.38.01.980791571,other,0.004999171476811171
b8c252c5-ce53-4e0a-8397-a0c889602577,the best app for me,5,0,26.37.05.977222275,2026-09-27 13:41:30,,,26.37.05.977222275,other,0.05272318795323372
6e9352da-3694-431e-8752-b37c7b07048f,very nice app👍,5,0,26.37.05.977222275,2026-09-27 13:38:24,,,26.37.05.977222275,other,0.003784049302339554
68e963e1-93c2-46af-b309-aa844684f1b4,Nasi app,5,0,26.37.05.977222275,2026-09-27 13:34:41,,,26.37.05.977222275,other,0.1432788074016571
45491bf7-c7b5-4119-b9c4-ee23df0c9991,nice maps app,5,0,26.38.01.980791571,2026-09-27 13:32:10,,,26.38.01.980791571,other,0.009389316663146019
1bdb4a54-30b6-48ec-ac23-283bd9045a44,"Why does it ask me to rate a place I've already rated and visit 3 or 4 times a week? One or two responses from a single user are definitely useful. Asking for 4 per week for a single location, is not informative, and is annoying.... Added : 4 months later and not a peep from Google... I guess when you have practically a monopoly you don't need to read or respond to posts....",1,2,26.38.00.981399775.W,2026-09-27 13:30:53,,,26.38.00.981399775.W,a feature request,0.9316549897193909
a875bf54-20c7-4396-8e3e-e937661616bb,Nice app❤️❤️,5,0,25.12.01.737373685,2026-09-27 13:30:02,,,25.12.01.737373685,other,0.0048303185030817986
036d9034-9da9-4947-9dd8-b897a57ab1ce,Nice app,5,0,26.38.01.980791571,2026-09-27 13:27:48,,,26.38.01.980791571,other,0.004934629891067743
fc5fec6f-4c4b-4610-a962-2ebb0322ab04,app is wanderful,5,0,26.38.01.980791571,2026-09-27 13:27:26,,,26.38.01.980791571,bugs or crashes,0.9201043844223022
4f39a333-0064-48ed-a674-fb1a4e870f33,superb app,5,2,26.37.05.977222275,2026-09-27 13:25:17,,,26.37.05.977222275,other,0.0036059522535651922
abe7ee57-c304-4e10-a2c3-d18042ceb5b0,it is a useful app,5,0,26.38.01.980791571,2026-09-27 13:25:14,,,26.38.01.980791571,other,0.009090607054531574
de3e29e1-cd30-4688-ad34-f8d0986113aa,nice app,5,0,26.38.01.980791571,2026-09-27 13:22:41,,,26.38.01.980791571,other,0.0035492011811584234
2b32972e-be79-4b9c-b1bd-929127d6cc75,nice app,5,0,26.38.01.980791571,2026-09-27 13:19:12,,,26.38.01.980791571,other,0.0035492011811584234
3babd7f6-d7cb-4bb0-890f-ae697def7335,Where are the Gulf of Mexico and Lake Ontario?,1,0,26.38.01.980791571,2026-09-27 13:15:19,,,26.38.01.980791571,other,0.44717898964881897
99324bf0-1cf0-4534-909a-6e229242e6e1,This is an app that I use all the time when locating a business that I'm travelling to or the private residence I'm going to. The photos help me to find the correct business or home. I also use it while travelling on highways outside of my area. Google maps warns me about problems on my route and offers me an alternate. This is a great app.!!,5,0,26.37.05.977222275,2026-09-27 13:12:35,,,26.37.05.977222275,other,0.01539564784616232
72bb96bd-9ad6-458f-b779-ed81833945fe,good,5,0,,2026-09-27 13:10:49,,,,other,0.021383652463555336
6aba4e0c-eea5-48ca-a3b3-7c138a4684fc,I need to ulock Google maps,1,0,26.38.01.980791571,2026-09-27 13:07:54,,,26.38.01.980791571,a feature request,0.9622641205787659
d0662735-cb7e-4d5b-8032-7d370a45c95a,very useful,5,0,26.39.04.984891338,2026-09-27 13:06:32,,,26.39.04.984891338,other,0.01725234091281891
3b1d6dfc-4f9b-4790-bdcc-f5758300a6b6,Super,5,0,26.38.01.980791571,2026-09-27 13:03:47,,,26.38.01.980791571,other,0.253246933221817
85f5a280-fbef-4eea-833d-0cf5262666c9,"Would be ideal to include HGV options too, routes, restrictions etc etc, yup there are other platforms that cater for HGV's and yes I have satnav but this is great for up to date roadworks etc etc to which I use this platform alongside a satnav.",3,0,26.38.05.980791571,2026-09-27 12:54:54,,,26.38.05.980791571,a feature request,0.9876798391342163
9b7998d4-fb63-4a1c-a7df-221360405a80,very good app,5,0,26.38.01.980791571,2026-09-27 12:53:27,,,26.38.01.980791571,other,0.008810475468635559
c4187413-435a-4aad-9444-73f9b2a61836,best,5,0,26.38.01.980791571,2026-09-27 12:50:08,,,26.38.01.980791571,other,0.3580182194709778
5b9d0f25-9f01-49f4-a296-c7c32af4ae6e,best app,5,0,26.38.01.980791571,2026-09-27 12:49:44,,,26.38.01.980791571,other,0.015052101574838161
b54ce987-99f8-4fbe-b1e6-4a475220a2f5,"new voice is harsh, condescending, nasally. bad update.",2,0,26.38.01.980791571,2026-09-27 12:47:47,,,26.38.01.980791571,a feature request,0.7751988768577576
2046759a-75d6-4cbc-8798-ebc995916ba7,jj best app,5,0,26.38.01.980791571,2026-09-27 12:39:19,,,26.38.01.980791571,other,0.32835763692855835
7348b254-9e46-4dbc-9209-8fb112f02569,soo good 👍,5,0,26.37.05.977222275,2026-09-27 12:37:25,,,26.37.05.977222275,other,0.02494780533015728
54f35bd0-74e4-4aa5-8a30-ef0c027e7e47,nice,5,0,26.38.01.980791571,2026-09-27 12:33:30,,,26.38.01.980791571,other,0.0985482931137085
38d42c36-b550-4941-8c65-de43ed42774a,nice app,5,0,26.36.03.973607363,2026-09-27 12:33:24,,,26.36.03.973607363,other,0.0035492011811584234
c8235209-326e-4486-9344-d49406c8b81e,best map,5,0,26.37.05.977222275,2026-09-27 12:32:57,,,26.37.05.977222275,other,0.023198872804641724
1fc29854-f75a-4583-be82-e06d979cf9a8,This is a betar lokeshan trakar,5,0,26.38.01.980791571,2026-09-27 12:30:16,,,26.38.01.980791571,accessibility or readability problems,0.7699606418609619
dd94af34-2f1d-480c-be63-82cd053acc1a,fast results,5,0,26.38.01.980791571,2026-09-27 12:30:04,,,26.38.01.980791571,other,0.05039489269256592
6afd51f7-3834-43ab-b869-a16c8d4e97b1,very nice,5,0,26.38.01.980791571,2026-09-27 12:29:29,,,26.38.01.980791571,other,0.017341373488307
b70af677-8e3e-42d3-801e-92e21b11196b,"Google Mobility, Inc. ✅️",3,0,26.38.01.980791571,2026-09-27 12:28:55,,,26.38.01.980791571,other,0.40667659044265747
f9c9958d-eb7d-48bc-89ed-17a5c3eaa81c,very good app,5,0,26.38.01.980791571,2026-09-27 12:27:15,,,26.38.01.980791571,other,0.008810475468635559
4df29e7f-0caf-4a92-aee4-dbcbd3c6e8dd,nice app,5,0,26.38.01.980791571,2026-09-27 12:26:51,,,26.38.01.980791571,other,0.0035492011811584234
26c2a738-7245-4ad0-91bc-e3948eb87df2,good,5,0,26.38.01.980791571,2026-09-27 12:20:45,,,26.38.01.980791571,other,0.021383652463555336
978974d9-8071-4370-967e-f703f86060ad,nik app,5,0,26.38.01.980791571,2026-09-27 12:19:26,,,26.38.01.980791571,bugs or crashes,0.606881320476532
3b5a6e0c-3764-46b5-aaf4-c0fb7f365d85,"The maps are pretty good. not always the most accurate, but usually a lot better than other things. I took off stars for the horrible voice they changed for the out loud directions. The voice is so grating on my nerves I can't have it on. since I mostly use the verbal directions this makes the app pretty useless to me now. I'm so disappointed.",2,0,26.38.01.980791571,2026-09-27 12:17:07,,,26.38.01.980791571,a feature request,0.578956663608551
6bbeea57-47dd-4560-9668-611cd34c65fe,😄👈,5,0,26.38.01.980791571,2026-09-27 12:17:04,,,26.38.01.980791571,other,0.40565869212150574
404d2a7b-c78b-4f42-919b-0034af410cc7,good and nice,5,0,26.38.01.980791571,2026-09-27 12:11:32,,,26.38.01.980791571,other,0.021818358451128006
9f1b95ae-e871-440b-9e9d-40effca1c195,Good app,5,0,26.38.01.980791571,2026-09-27 12:02:37,,,26.38.01.980791571,other,0.008635139092803001
77cadcf8-5df6-4863-a0df-50dd144357c3,Best to guide,5,0,26.19.06.908805368,2026-09-27 11:59:38,,,26.19.06.908805368,bugs or crashes,0.8341971635818481
d94615a0-ceeb-4e2c-b2d8-f8d6d94341c4,This is very useful app,5,0,26.35.03.969485213,2026-09-27 11:59:16,,,26.35.03.969485213,other,0.01956380344927311
cb24f1f0-e72b-4787-a311-e5d5100954de,Very bad,5,0,26.34.04.965633971,2026-09-27 11:57:58,,,26.34.04.965633971,bugs or crashes,0.9664984941482544
48b02f5d-638c-4e3a-8724-5f777cf80ccc,trist app,5,0,26.32.06.958047303,2026-09-27 11:47:04,,,26.32.06.958047303,bugs or crashes,0.6986523866653442
35c1a7c7-cfa7-422a-a176-36650b55115e,vary supporting app,5,0,26.38.01.980791571,2026-09-27 11:46:23,,,26.38.01.980791571,bugs or crashes,0.7942695021629333
d9d91525-9804-49c3-85be-1b455f1c56b9,mast,5,0,26.35.03.969485213,2026-09-27 11:40:26,,,26.35.03.969485213,bugs or crashes,0.7421091794967651
0ecac993-0117-46c5-82ff-bc130f0802e1,sucks as always. you go to all the trouble of putting your route in and you start it and it reroutes you,1,1,26.38.01.980791571,2026-09-27 11:39:07,"I understand your concern, Patrick. You can submit the details of what you're experiencing by following these steps: goo.gle/355m3NU, so our team gets the right information to help improve the app.",2026-09-27 15:25:33,26.38.01.980791571,bugs or crashes,0.9961192607879639
59f0a069-5c72-42fd-995b-395e05ce4e3f,👍,5,0,26.38.01.980791571,2026-09-27 11:33:56,,,26.38.01.980791571,bugs or crashes,0.6859960556030273
f4da3f07-06ec-4681-bbb7-2ce7c23e68ad,"Recently, there's been a rise of companies that are using bots to give themselves 5-star reviews. Despite this, I have been unable to report these businesses, as there is no way to report them for review manipulation, and Google themselves have been incredibly unhelpful with this issue. I know it might only seem like a minor issue, but companies shouldn't be able to bury genuine, negative reviews with fake positive ones.",1,9,26.38.01.980791571,2026-09-27 11:33:15,,,26.38.01.980791571,praise,0.8710265755653381
a9edac72-8751-44b3-abef-6294fbbe9cfc,best app,5,0,26.28.03.942936911,2026-09-27 11:27:39,,,26.28.03.942936911,other,0.015052101574838161
670391fa-76f4-42f9-a0b3-a0742331a9be,super,5,0,26.38.01.980791571,2026-09-27 11:25:35,,,26.38.01.980791571,other,0.353982150554657
90e55300-379b-4fd1-b971-72ed1361483f,Easy to use,5,0,26.20.01.913318892,2026-09-27 11:25:20,,,26.20.01.913318892,other,0.022279847413301468
f18f24d5-da3c-4ec4-aa64-60b8d44116ef,"Google Maps mislabels locations, and refuses to give users opportunity to report or fix it. The Gulf of Mexico is mislabeled and I am furious with it.",1,0,26.38.01.980791571,2026-09-27 11:23:35,,,26.38.01.980791571,other,0.18799519538879395
b49f4e7f-4258-453a-94a6-e9f5b6059c07,Extremely helpful and accurate. Best for navigation and finding places. A must-have app!,5,0,26.37.05.977222275,2026-09-27 11:11:58,,,26.37.05.977222275,other,0.01597658172249794
c26c322f-22c8-44d3-9048-391df0731430,op,5,0,26.34.04.965633971,2026-09-27 11:06:53,,,26.34.04.965633971,bugs or crashes,0.8315891623497009
a2b56d7b-36bb-4775-b8f4-7f96648fa683,nice 👍,5,0,26.38.01.980791571,2026-09-27 11:03:50,,,26.38.01.980791571,other,0.0674053356051445
e48e3f4d-0319-4bcf-9fc1-61179342416e,very good experience with this app.,4,0,26.38.01.980791571,2026-09-27 10:56:54,,,26.38.01.980791571,other,0.0020090341567993164
9f021c4f-32ac-4180-b612-3303eea32289,Good,5,0,26.32.06.958047303,2026-09-27 10:56:51,,,26.32.06.958047303,other,0.02357211522758007
2d9a5180-eb56-4296-9ac0-d27a13556fa8,"this is normally the best mapping GPS travel option, but there are so many times in cities where it has you get off the freeway and less than a quarter mile later get you right back onto the freeway and you aren't skipping traffic because there's nothing on the freeway.",1,0,26.38.01.980791571,2026-09-27 10:55:03,"That doesn't sound good, Jeremy. You can submit the details of what you're experiencing by following these steps: goo.gle/355m3NU, so our team gets the right information to help improve the app.",2026-09-27 20:19:12,26.38.01.980791571,a feature request,0.6863737106323242
3dc5d4e0-c751-4278-bafd-1cafa73fca63,nice 👍👍,5,0,26.38.01.980791571,2026-09-27 10:54:23,,,26.38.01.980791571,other,0.0402597114443779
6a025fe8-30ef-47ea-8ff2-cf16555be2de,corbin kentukkee,5,0,26.38.01.980791571,2026-09-27 10:54:19,,,26.38.01.980791571,bugs or crashes,0.6655802726745605
294dfe33-4d06-43ab-bbc9-50eaaa531190,Update,5,0,26.39.04.984891338,2026-09-27 10:51:22,,,26.39.04.984891338,bugs or crashes,0.7189049124717712
67f37f6e-75e7-46b2-87a7-2188e806526f,vibrant,5,0,26.37.05.977222275,2026-09-27 10:48:10,,,26.37.05.977222275,other,0.0604865588247776
94142c92-becf-4873-8e1b-5c7caef4d092,Uo🍫,4,0,10.63.6,2026-09-27 10:39:58,,,10.63.6,bugs or crashes,0.8584616184234619
ce979a8e-8ac1-4652-8261-63f1ec67c1a8,best app for location,5,0,26.35.03.969485213,2026-09-27 10:36:41,,,26.35.03.969485213,other,0.0031342755537480116
e450b922-1827-4d89-ac35-c7b10e2163c1,"Text and voice message,Audio and video calls,Photos,Videos and documents Location sharing,Status updates",5,0,11.48.0801,2026-09-27 10:30:33,,,11.48.0801,other,0.0435960628092289
d94b5554-d9c2-4bcb-b8b7-23a80d149412,nice app,5,0,26.38.01.980791571,2026-09-27 10:28:35,,,26.38.01.980791571,other,0.0035492011811584234
8c66afa6-b69d-4966-86cf-333307df0397,not showing location,1,0,26.38.01.980791571,2026-09-27 10:27:31,,,26.38.01.980791571,a feature request,0.8975521326065063
08596975-7744-4e02-9616-3667243272c9,good experience,5,0,26.38.01.980791571,2026-09-27 10:23:07,,,26.38.01.980791571,other,0.001599863520823419
22df71bb-c7ed-4f09-a493-653299c31ecf,jaaaaaaaaaaaar Baghi,5,0,26.37.05.977222275,2026-09-27 10:22:30,,,26.37.05.977222275,bugs or crashes,0.8915042281150818
9674407d-e86b-4e09-8633-70927c3345d5,The New Google Map update is awful please fix,1,0,26.38.01.980791571,2026-09-27 10:19:11,"That doesn't sound good. To help me look into this further, please create a post in our Google Maps Help Community. Our team and community experts can assist you there: goo.gle/3vosTcH. Appreciate it.",2026-09-27 10:41:59,26.38.01.980791571,bugs or crashes,0.9830918908119202
6b5df249-d9d2-462c-8036-98bc18debb08,very nice👏,5,0,10.64.2,2026-09-27 10:19:02,,,10.64.2,other,0.014441673643887043
873ed4d0-bdc6-4f25-8f65-13291d920202,Google yall ok? what's up with your app? can you guys please fix it,1,0,26.38.01.980791571,2026-09-27 10:15:34,,,26.38.01.980791571,bugs or crashes,0.9982507228851318
7f064ed9-bb88-4852-8b0a-e4416308a39e,interstate,5,0,26.38.01.980791571,2026-09-27 10:13:47,,,26.38.01.980791571,bugs or crashes,0.8039513826370239
9cf8bbfc-7f94-4c04-bee7-b3d5ad368407,this app is great and very useful in the same things,5,0,26.37.05.977222275,2026-09-27 10:08:14,,,26.37.05.977222275,other,0.015468982048332691
bd1aa9e7-8dd9-4bfa-81ee-1bd26abc2433,I don't know what they did but overnight the narration changed and it's terrible.,1,0,26.38.01.980791571,2026-09-27 10:03:52,,,26.38.01.980791571,"unclear pricing, privacy or unexplained changes",0.9730382561683655
e8e60749-02bf-4c48-88dc-6018972cdbc4,"please change the voice back, this one has vocal fry and its really annoying",3,0,26.36.03.973607363,2026-09-27 09:55:23,,,26.36.03.973607363,a feature request,0.9352602362632751
3f27e094-e744-4907-9464-96774af35540,"aside from the lake America nonsense, the app is getting worse with the new ai voice, and directions taking slower routes for no apparent reason. use MapQuest.",1,1,26.38.01.980791571,2026-09-27 09:51:18,,,26.38.01.980791571,bugs or crashes,0.9889853596687317
bea50dc0-390c-400d-a875-c4b1a35ce936,its lake Ontario you idiots. deleted the app. looking elsewhere. grow a backbone developers.,1,1,26.37.01.977583759.W,2026-09-27 09:49:20,,,26.37.01.977583759.W,bugs or crashes,0.9686146974563599
bf00b502-e245-4600-973f-a252cc5b77b0,Need to show if current route is TOLL road without having to necessarily turn off tolls.,3,0,26.38.01.980791571,2026-09-27 09:39:49,"I understand your concern, Khom. You can submit the details of what you're experiencing by following these steps: goo.gle/355m3NU, so our team gets the right information to help improve the app. Appreciate it.",2026-09-27 09:25:38,26.38.01.980791571,a feature request,0.9818586111068726
84851f5b-c163-40ed-9877-db54e5c4a6bb,"I mean, it still works but they changed the voice and I hate the new voice and it's not apparent how to change it. Hate the new voice I want my old guide back 😭",2,0,26.38.01.980791571,2026-09-27 09:37:23,,,26.38.01.980791571,"unclear pricing, privacy or unexplained changes",0.9411700367927551
b24ab6c0-77bc-4bad-822e-bc8f76b38279,good,5,0,26.38.01.980791571,2026-09-27 09:33:04,,,26.38.01.980791571,other,0.021383652463555336
bebcd267-01cd-47f3-a05e-dae8485ddff6,App no longer works it always appear offline and gives errors when trying to access a location from directions sent by an individual which never use to happen. now unable to locate anyone because it never loads when this was so effective before really annoying 😑. Followed ALL troubleshooting steps yet nothing works!!,1,0,26.38.01.980791571,2026-09-27 09:12:45,"That doesn't sound good, Chrissonia! You can submit the details of what you're experiencing by following these steps: goo.gle/355m3NU, so our team gets the right information to help improve the app.",2026-09-27 09:28:27,26.38.01.980791571,bugs or crashes,0.995570182800293
087b13b1-af51-4266-98e6-d7bffd85ae55,ok,1,0,26.39.04.984891338,2026-09-27 09:11:21,,,26.39.04.984891338,other,0.3308021128177643
3d397a17-1586-422e-92d7-01f879e9ca72,"They changed the navigation to a new voice that sounds terrible. Technically you can swap back to the old one, but it doesn't read out street names or exit numbers if you do. Worthless and irritating.",1,0,26.38.01.980791571,2026-09-27 09:10:14,,,26.38.01.980791571,accessibility or readability problems,0.953654408454895
61b7ef2d-df5c-4804-8a92-e6e50f825058,please I sometimes lost because un accuracy of this apps,5,0,26.38.01.980791571,2026-09-27 09:03:00,,,26.38.01.980791571,bugs or crashes,0.9943037629127502
3cac674d-10d9-4084-93fc-92d2a726a41f,Ok,5,0,11.153.0101,2026-09-27 08:46:37,,,11.153.0101,other,0.2739320695400238
57945cb8-7683-4daf-b977-87ff9a54bcc2,nice app,5,0,26.38.01.980791571,2026-09-27 08:44:08,,,26.38.01.980791571,other,0.0035492011811584234
149706ac-616c-4231-acc9-b599687ff0c4,"my app turned the language to a different dialect! every time I opened it and put the address I was traveling to, it started out in English and two seconds later I couldn't understand what my phone was saying.",1,0,26.38.01.980791571,2026-09-27 08:41:50,"That doesn't sound good, Jana. If you're running into issues with Google Maps, try these troubleshooting steps: goo.gle/43EOVsN. If it keeps happening, please send feedback here: goo.gle/43OR0Ce. Hope this helps.",2026-09-27 20:17:32,26.38.01.980791571,accessibility or readability problems,0.961892306804657
e5f65a8d-a96f-496f-9fe2-8058f10c3d0b,good app,5,0,9.85.2,2026-09-27 08:40:43,,,9.85.2,other,0.007675286382436752
6fbfcb5e-685f-4fc6-87e7-db2ad3083071,Easy to find location,5,0,26.38.01.980791571,2026-09-27 08:32:43,,,26.38.01.980791571,other,0.13980890810489655
94e21dd9-cd83-4467-999d-6c98f702b237,"sorry, the new voice is more annoying than the old one))) is there a way to make her talk less? other than that, I love google maps. Thank you, you are the best ❤️",4,0,26.38.01.980791571,2026-09-27 08:28:17,,,26.38.01.980791571,a feature request,0.9243686199188232
3277bcee-63c9-40ba-ab5c-440311b3e2e8,"The voice changed and is worse and some bâtard integrated Gemini into this, it's garbage now, please defenestrate whoever made these decisions.",1,0,26.38.01.980791571,2026-09-27 08:09:15,,,26.38.01.980791571,"unclear pricing, privacy or unexplained changes",0.7939034104347229
e1973c0c-45b2-4d8b-82da-dd66008b2a07,Lake Ontario is not Lake America. Stop pandering to a megalomaniac's whims.,1,1,26.38.01.980791571,2026-09-27 08:04:07,,,26.38.01.980791571,a feature request,0.9646103382110596
7a026bba-59e0-4505-a68a-8519793ecacb,excellent,5,0,26.38.01.980791571,2026-09-27 08:00:50,,,26.38.01.980791571,other,0.008344884030520916
78ba090c-f419-4087-a39c-60762adf020a,good😊,5,0,26.38.01.980791571,2026-09-27 08:00:44,,,26.38.01.980791571,other,0.01950700208544731
5c84e82a-460d-4f06-8fa5-a4c92d7ad229,Pixel 9 Pro XL: I can only see roads when zoomed in REALLY CLOSE. Once zoomed out it's just a bunch of white squares blanking out most of the map. Clearing cache is a temporary fix.,3,2,26.39.04.984891338,2026-09-27 07:57:58,Hi Christopher. Thanks for flagging this. We will pass this to the right team.,2022-03-05 13:05:40,26.39.04.984891338,accessibility or readability problems,0.8754928708076477
746f7d16-8449-48e5-9b73-b187043117b0,trash recently. been broken for months and no fix tf? no detail on map unless you zoom in. stop vibe coding and fix something Google engineers smh,1,1,26.38.01.980791571,2026-09-27 07:51:06,,,26.38.01.980791571,bugs or crashes,0.995051920413971
ac9db27a-b031-441c-a495-e27ab535f2d8,Bending to kiss a deranged president's whim to change names on maps is unacceptable. This is in addition to tracking us. Will continue to use MapQuest.,2,1,26.38.01.980791571,2026-09-27 07:51:05,,,26.38.01.980791571,a feature request,0.9589424729347229
e4845e4a-2aae-4fab-ac93-682585e1190a,ok,5,0,10.63.6,2026-09-27 07:49:59,,,10.63.6,other,0.3308021128177643
e8442a12-4181-40dd-9edb-c0e0cdc05f7e,"Progressively performs worse every patch, yet lightning fast to update Lake of America.",1,1,,2026-09-27 07:47:40,,,,bugs or crashes,0.977199137210846
a7a5512d-9c95-4e7d-8928-68eb550a627e,"Sponsored results have three vertical dots next to the word ""Sponsored."" Those dots do not open options, they click the link to the advertiser and probably charges them their click through rate. That's deliberately misleading and feela like profit padding to me. If I were a sponsor I'd consider suing.",1,0,26.38.01.980791571,2026-09-27 07:44:11,,,26.38.01.980791571,"unclear pricing, privacy or unexplained changes",0.7723066210746765
e9c90d22-ee60-431f-8dd1-743e771294f5,Map not updated,4,0,9.14.0,2026-09-27 07:35:57,,,9.14.0,accessibility or readability problems,0.9285969734191895
84c94977-40ae-40fe-b4d7-40735095e7c1,nice app,5,0,26.38.01.980791571,2026-09-27 07:29:27,,,26.38.01.980791571,other,0.0035492011811584234
65e548a9-fd7e-4f20-b51a-b4794dea9716,"As of 9/26/26, forcing updates to an already working app on Android GO makes it nonfunctional. Maps Go as a compromise doesn't work. The 'alternative,' Chrome, automatically crashes Chrome due to Android Go limitations. It worked just fine. It did NOT need this forced update. Google: undo this. The increasingly heavy-handed forcing of unneeded, unwanted (detrimental) content makes me want to abandon Android. Let me use it normally without training AI on all MY info! Stop ""being evil"".",1,0,11.18.3,2026-09-27 07:26:19,,,11.18.3,bugs or crashes,0.9922525882720947
9685bf19-daf4-4343-972a-35cff673d750,it closes on me every time I try to use it.,1,0,26.38.01.980791571,2026-09-27 07:22:54,"Hi Joel. If you're running into issues with Google Maps, try these troubleshooting steps: goo.gle/43EOVsN. If it keeps happening, please send feedback here: goo.gle/43OR0Ce. Thanks.",2026-09-27 08:37:53,26.38.01.980791571,bugs or crashes,0.9992892146110535
120fb59e-7ce2-45e9-aa03-6acc95f88237,nice app this is great,5,0,26.38.01.980791571,2026-09-27 07:21:18,,,26.38.01.980791571,other,0.012231397442519665
c7d0630d-4336-4833-89fa-5aac8d794ae8,this app good for finding location,5,0,25.38.02.806933749,2026-09-27 07:17:51,,,25.38.02.806933749,other,0.0020381768699735403
267f92a2-b245-4f39-9fe9-b140d6a26434,easy to use👍 just what I needed,5,0,26.38.01.980791571,2026-09-27 07:14:48,,,26.38.01.980791571,other,0.036001089960336685
7189f8ec-014d-4a09-9302-5a3d9abf136b,Nice,5,0,25.32.00.790560726,2026-09-27 07:13:30,,,25.32.00.790560726,other,0.0576569102704525
bfee1552-c5e9-4d49-aae8-41f60632d9e5,If I'm searching boston pizza in a town not at my location. I should be able to see all location of boston pizza on the map and not be zoomed into the local restaurant and only see what is close to me. That is 1 example.,1,1,26.38.01.980791571,2026-09-27 07:07:41,"Thanks for the feedback, Ben! You can submit the details of what you're experiencing by following these steps: goo.gle/355m3NU, so our team gets the right information to help improve the app.",2026-09-27 08:58:29,26.38.01.980791571,accessibility or readability problems,0.9671806693077087
d1ba3aac-d65a-4b47-9be1-4594aa654ccd,very nice,5,0,26.38.01.980791571,2026-09-27 06:56:12,,,26.38.01.980791571,other,0.017341373488307
b3dea4ae-9c46-450a-ba89-201aa7758050,Good,4,0,26.38.01.980791571,2026-09-27 06:45:29,,,26.38.01.980791571,other,0.02357211522758007
c8ec485d-89e4-41cc-bd13-16746a57f8bf,"I haul oversize loads. I have to stick to a certain route. I will go in to edit stops to enter points for the exact route that I need. Since the limit is 9, once I get the route entered and its correct, it may change it by a different street or highway to get to my next stop. why is there a limit of how many stops you can enter (A-I)? Can you atleast limit the number of custom stops to 26 (A-Z). More point may stop it from changing the route. Disabled car needs to be added back to report.",2,1,26.38.01.980791571,2026-09-27 06:44:43,"I understand your concern, Jeff. You can submit the details of what you're experiencing by following these steps: goo.gle/355m3NU, so our team gets the right information to help improve the app. Appreciate it.",2026-09-27 08:55:19,26.38.01.980791571,a feature request,0.8336603045463562
dd480542-b12d-43d1-99e6-09e236eba88c,👍👍👍,5,0,26.37.05.977222275,2026-09-27 06:37:28,,,26.37.05.977222275,bugs or crashes,0.545518159866333
611266bd-3a82-412a-bb1e-0706e1b8ba94,hanging issue,5,0,11.125.0102,2026-09-27 06:36:29,,,11.125.0102,bugs or crashes,0.9918950796127319
d8e7fa54-4412-48af-a8a6-72c72f505a11,very nice app ☺️,5,0,26.38.01.980791571,2026-09-27 06:30:27,,,26.38.01.980791571,other,0.010669642128050327
9575df32-bcad-4877-90a0-5158cde55ba4,"Today 9/26/2026, Google Maps directed me to make a U-Turn on the I-279 North in Pittsburgh into the oncoming lane of the HOV while I was in the HOV lane already...",3,0,26.38.01.980791571,2026-09-27 06:30:24,"Hi Remash. To help me look into this further, please create a post in our Google Maps Help Community. Our team and community experts can assist you there: goo.gle/3vosTcH. Thanks.",2026-09-27 08:39:23,26.38.01.980791571,a feature request,0.9435555934906006
42391df6-d76e-4489-a6d7-7832b31fb053,"Does a good job at routing you, but a bit buggy. Also has incorrect names for some places. Like it gave Lake Ontario the wrong name. I thought Google was supposed to be a smart company.",1,1,26.35.05.969485213,2026-09-27 06:25:11,,,26.35.05.969485213,bugs or crashes,0.9977170825004578
9b56cf12-0649-4eee-b703-6489d0211b6c,best app,5,0,26.38.01.980791571,2026-09-27 06:24:35,,,26.38.01.980791571,other,0.015052101574838161
ad64f2f2-7c3a-49a6-bce5-07d2afd0c32f,very good application,5,0,26.38.01.980791571,2026-09-27 06:23:53,,,26.38.01.980791571,other,0.004869868513196707
b804bfd9-41bc-4dca-9462-11bac5d155a2,wonderful,5,0,26.38.05.980791571,2026-09-27 06:16:46,,,26.38.05.980791571,other,0.013067474588751793
3bcec556-bc57-4b28-8f41-7ae056e8c2b4,very useful,5,0,26.35.03.969485213,2026-09-27 06:14:48,,,26.35.03.969485213,other,0.01725234091281891
23980b82-833f-4b7a-b3e5-8c685de2c286,best,5,0,26.29.02.946673643,2026-09-27 06:12:41,,,26.29.02.946673643,other,0.3580182194709778
73ebd5d8-ebcd-4ff4-9aff-d0268285cfb0,cannot start map's,1,1,26.38.01.980791571,2026-09-27 06:08:47,,,26.38.01.980791571,bugs or crashes,0.9889014959335327
48be54e8-5d28-450f-af97-a77aa76dfd78,I dont know what all they did with the latest update but the new navigation voice is SEXY. I never thought I would say that about a Google ai voice buuuut here we are,5,0,26.38.01.980791571,2026-09-27 05:55:58,,,26.38.01.980791571,other,0.009664270095527172
420a84dd-b931-40dc-a76b-cc39b8dddf67,"Good enough at directions but lousy for actual map use. Highway and street names aren't viewable until you're zoomed in so far you lose all frame of reference. Can't get information in view from multiple filters, which should be easy from a technical pov",2,1,26.38.01.980791571,2026-09-27 05:47:30,,,26.38.01.980791571,accessibility or readability problems,0.6493867635726929
7af07a15-d266-47e0-8d73-119aff6a1df1,best app,5,0,26.37.06.977222275,2026-09-27 05:44:27,,,26.37.06.977222275,other,0.015052101574838161
e5c56409-a68e-44d5-a7dd-d2c7163aa7b1,very helpful,5,0,26.38.01.980791571,2026-09-27 05:43:26,,,26.38.01.980791571,other,0.17430709302425385
3d049b45-9dec-4375-b639-9d1fad0c521a,"The artsy, fartsy update that was just foisted on us users is disgusting. As a long time useŕ I want, I expect, functionality without brain rotting graphics. The updated app looks like something i would find on a fruit phone, and i feel dumber because of it.",1,0,26.06.01.863982022,2026-09-27 05:43:02,,,26.06.01.863982022,other,0.28799939155578613
9f30893d-728f-4fb4-a38f-6d759f9ca20f,mostly need for update and not properly work,1,1,26.38.01.980791571,2026-09-27 05:30:13,"Hi Muhammad. If you're running into issues with Google Maps, try these troubleshooting steps: goo.gle/43EOVsN. If it keeps happening, please send feedback here: goo.gle/43OR0Ce. Thanks.",2026-09-27 08:42:19,26.38.01.980791571,bugs or crashes,0.997570276260376
f64a5e07-6e91-4d56-81a9-ee5c21565030,very good 👍,5,0,26.34.06.965633971,2026-09-27 05:24:51,,,26.34.06.965633971,other,0.023026609793305397
409e2069-c7cb-4cab-a313-972eb5c22062,"i open the app and I plan 4 stops to run errands. after my first stop, the entire route just disappeared. ok so I just type in my next destination and the navigation tells me 5 seconds before I need to make a turn. I'm in the opposite lane and can't make it with traffic. I tried looking at the map, but the navigation is so zoomed in I can't see more than 30ft ahead. so ok I u turned no big deal, then when I make another turn that the navigation said to turn on, it then says I made the wrong turn",1,1,26.34.04.965633971,2026-09-27 05:20:53,"That doesn't sound good, Stello. To help me look into this further, please create a post in our Google Maps Help Community. Our team and community experts can assist you there: goo.gle/3vosTcH. Thanks.",2026-09-27 08:50:15,26.34.04.965633971,bugs or crashes,0.994143009185791
33fb2df2-2a38-4799-ba62-77f5a06df5cb,it's good,5,0,26.35.03.969485213,2026-09-27 05:20:06,,,26.35.03.969485213,other,0.02267107367515564
3a6f2f11-856a-4a1a-9560-ca6e83148bb2,Whoever it is in charge stop connecting me to google maps.,1,0,25.45.05.826664481,2026-09-27 05:19:16,,,25.45.05.826664481,a feature request,0.9914112687110901
7a545f17-a9a7-4e44-8ee5-951686585497,best app 🥰,5,0,26.35.03.969485213,2026-09-27 05:19:08,,,26.35.03.969485213,praise,0.8688845634460449
efdedf3c-b4c6-476e-b456-760239587574,"Google Maps is already a great navigation app, but I think it could be improved by adding some useful features available in apps like Waze and 2GIS. For example, Waze and 2GIS provide clear lane guidance while driving. They show which lane you should stay in, which lane you need to move to before a turn, and exactly where you should take the turn. This is especially helpful at complex intersections and multi-lane roads. If Google Maps could add more detailed lane guidance,",2,0,26.33.02.961351034,2026-09-27 05:17:28,,,26.33.02.961351034,a feature request,0.9349387884140015
aa57b041-3f09-4f0b-9423-f038c7317cef,"Google Maps is already a great navigation app, but I think it could be improved with some features similar to other map apps like Waze, 2GIS, and HERE WeGo. Adding more detailed navigation options, better traffic information, and some of the useful features available in these apps would make Google Maps even more convenient and powerful for users. I hope Google considers these improvements in future updates.",3,0,26.33.02.961351034,2026-09-27 05:15:37,,,26.33.02.961351034,a feature request,0.9439961910247803
5c2d56ce-0087-4768-9eb9-b646957923da,public is ture zam on happy it's a all,3,0,26.06.01.863982022,2026-09-27 05:11:18,,,26.06.01.863982022,other,0.0600009486079216
50987226-d6a3-47a2-a2a6-71db1614739e,nice,5,0,26.38.01.980791571,2026-09-27 05:11:07,,,26.38.01.980791571,other,0.0985482931137085
a70cb169-f580-4d63-810f-24bcede70b70,best app,5,0,26.38.01.980791571,2026-09-27 05:10:23,,,26.38.01.980791571,other,0.015052101574838161
d673ce10-b4cc-40b0-a159-203d5506483b,"NEW VOICE IS UNBEARABLE!! yes I know I can switch it back to a non-rage inducing voice BUT only the new annoying voice will say road names or exit numbers. In order to get to the settings you have to back entirely out of navigation. Another fun annoyance- I have I checked the box in settings for it NOT to auto-choose the most fuel efficient route (so I can avoid downtown). Guess what! It will randomly reroute me WHILE I'm driving. The new voice is the worst, I can deal with the rest",1,1,26.38.01.980791571,2026-09-27 05:08:47,,,26.38.01.980791571,a feature request,0.976733386516571
f70f5507-da68-4d63-b228-6f86355dc045,I do not like the new voice for directions. There should be options.,4,1,26.38.01.980791571,2026-09-27 05:06:46,,,26.38.01.980791571,a feature request,0.9381576776504517
6ca7b8eb-5f01-4d34-b520-8464a1d8da9d,"Worse than useless. Routinely, changes destination, then promptly directs you to someplace you didn't ask for, and don't want to go. The search feature selects a destination that it will change it to one of the sponsored options...but it won't tell you that it changed your destination. It doesn't tell when it loses signal...30 miles later,""Surprise!: Your exit was 15 miles back. It routinely sends you East if you are going West. 3 short routes are available, it chooses a 4th long one.",1,1,26.29.02.946673643,2026-09-27 05:06:21,"That doesn't sound good, Robert. To help me look into this further, please create a post in our Google Maps Help Community. Our team and community experts can assist you there: goo.gle/3vosTcH. Thanks.",2026-09-27 08:47:29,26.29.02.946673643,a feature request,0.9443054795265198
0729778b-4eb9-4322-938a-b5148ed0d69e,too many bugs. trying to direct more with voice and less real map info. Bad Bad Bad,1,1,26.38.01.980791571,2026-09-27 05:06:20,"I understand your concern, Dean. To help me look into this further, please create a post in our Google Maps Help Community. Our team and community experts can assist you there: goo.gle/3vosTcH. Appreciate it.",2026-09-27 08:46:32,26.38.01.980791571,bugs or crashes,0.9942387938499451
2532c1e1-3285-427c-b4c3-ee2a05212380,very nice app,5,0,25.49.06.838461706,2026-09-27 05:05:47,,,25.49.06.838461706,other,0.005155486986041069
c7c4f24e-401e-41df-8fec-dd91195d2fea,this app le is very good,5,0,26.38.01.980791571,2026-09-27 05:05:41,,,26.38.01.980791571,other,0.006529828067868948
ddf15701-8370-4332-af81-b86e08cdc9fc,nice application,5,0,26.38.01.980791571,2026-09-27 05:03:37,,,26.38.01.980791571,other,0.001957355532795191
916ebc5b-d2e3-4604-a221-f87c9d1b6814,v good,5,0,26.34.04.965633971,2026-09-27 05:01:16,,,26.34.04.965633971,other,0.035037171095609665
410bc9c4-378b-4548-91cc-755fc861cd9a,good for travel,5,0,26.38.01.980791571,2026-09-27 04:59:48,,,26.38.01.980791571,other,0.004997105337679386
bccd108e-98a4-4c1e-abd7-dd5fa236205d,serves as ok,5,0,26.38.01.980791571,2026-09-27 04:58:46,,,26.38.01.980791571,other,0.0506274476647377
3b963165-a0d6-46fc-9367-937d1085804e,It randomly stopoed sending me updates when others add places to our shared lists and no amount of troubleshooting has fixed it.,1,0,26.38.01.980791571,2026-09-27 04:54:14,,,26.38.01.980791571,bugs or crashes,0.9976694583892822
0e8f456d-bacf-4a02-a29f-0b19cc5a16b0,"I have used Google maps for years and enjoy it quite a bit, especially when I'm traveling overseas like the Bahamas. super easy to download offline maps. if there was anything I would change would be to add the ability to see friends and family location sharing while in route on a destination.",5,0,26.38.01.980791571,2026-09-27 04:54:11,,,26.38.01.980791571,a feature request,0.9066317081451416
708eca70-55d9-404d-bc3b-b639fa4563cc,I enjoy it much-loved,5,0,10.69.0,2026-09-27 04:53:42,,,10.69.0,other,0.004115330521017313
4c11ec45-fdec-48c4-a714-c9f3d87db86b,very nice,5,0,26.38.01.980791571,2026-09-27 04:52:29,,,26.38.01.980791571,other,0.017341373488307
fcbc85de-cadf-44d9-8627-a9dcc1f17086,Helping me,5,0,26.35.03.969485213,2026-09-27 04:49:59,,,26.35.03.969485213,other,0.07085225731134415
2595b359-ec6b-446d-96ae-769d81c9cf3c,nice very nice,5,0,26.38.01.980791571,2026-09-27 04:44:14,,,26.38.01.980791571,other,0.06783702969551086
67eb2584-3220-4ccb-81ea-4267dc2cbf92,Ok nrxt,1,1,26.38.01.980791571,2026-09-27 04:43:52,,,26.38.01.980791571,bugs or crashes,0.6677443385124207
796c5413-86b5-4135-8684-30a473df81c0,nice,5,0,11.69.0401,2026-09-27 04:43:24,,,11.69.0401,other,0.0985482931137085
64b593c1-10ea-448b-a7c8-71bd1e4d7233,best,5,0,26.35.03.969485213,2026-09-27 04:40:20,,,26.35.03.969485213,other,0.3580182194709778
bada06f3-87fa-49fc-91b3-cd278d1c6974,good,5,0,26.38.01.980791571,2026-09-27 04:34:25,,,26.38.01.980791571,other,0.021383652463555336
244c2005-2d05-4fa2-abd1-5d25dc3ee4f4,nice,5,0,26.38.01.980791571,2026-09-27 04:33:48,,,26.38.01.980791571,other,0.0985482931137085
e9d60c4f-3958-47e5-b8b3-7d5d2c4bcab2,😂😂😂😂,2,1,11.127.0102,2026-09-27 04:32:06,,,11.127.0102,other,0.41901901364326477
1998ffcb-1c71-4807-a0e2-a0bff7e9d805,Yadsra,5,0,26.38.01.980791571,2026-09-27 04:26:43,,,26.38.01.980791571,bugs or crashes,0.6517574787139893
4b5d42f6-5ff1-44e2-9f31-2f870587a8f9,good,5,0,26.38.01.980791571,2026-09-27 04:20:43,,,26.38.01.980791571,other,0.021383652463555336
c97336fe-d338-466c-baa2-645014aa4029,good,5,0,26.38.01.980791571,2026-09-27 04:16:37,,,26.38.01.980791571,other,0.021383652463555336
33163d0f-3a22-4f28-b7bc-acb726a0a098,Superb,5,5,26.38.01.980791571,2026-09-27 04:12:44,,,26.38.01.980791571,other,0.012076773680746555
f2b6ea47-1c3d-48cb-9914-b4db9ede2b2a,why when I'm in a hurry it won't give me direction just preview screw the preview just give me directions,1,0,26.38.01.980791571,2026-09-27 04:05:27,"I understand your concern. You can click on the ""Your location"" box to change the start location while in the directions preview page by checking out the steps here: https://goo.gle/3ZXrwSo. Hope this helps.",2026-09-27 08:44:36,26.38.01.980791571,a feature request,0.9791491031646729
72e8d674-4a4b-4faa-aac9-c5af674fa33f,keeps stopping,1,1,26.38.01.980791571,2026-09-27 04:04:08,,,26.38.01.980791571,bugs or crashes,0.9582793116569519
1ceaece3-f79d-4cca-a3dc-2f220e76a042,nice app,5,0,26.21.01.916832833,2026-09-27 03:58:44,,,26.21.01.916832833,other,0.0035492011811584234
e4fb68c2-fc9e-4b45-b0c1-8cdf2f5b69b6,Google needs to learn where gravel roads are. Had me take gravel roads to get a highway and thought the speed limit was 60mph.,2,1,26.38.01.980791571,2026-09-27 03:58:24,"I understand your concern. To help me look into this further, please create a post in our Google Maps Help Community. Our team and community experts can assist you there: goo.gle/3vosTcH. Appreciate it.",2026-09-27 08:42:10,26.38.01.980791571,a feature request,0.7587507367134094
f7d5ee15-4188-44c7-9f2a-be8dc6891fa9,"It kept saying there was a 20 minute delay every 10 minutes for close to 4 hours and apparently I was on the fastest route. When you plan to leave with plenty of time ""just in case"" and you still arrive 2 hours late. Don't trust this app when you have something serious scheduled.",1,1,26.38.05.980791571,2026-09-27 03:56:58,"That doesn't sound good. You can submit the details of what you're experiencing by following these steps: goo.gle/355m3NU, so our team gets the right information to help improve the app. Appreciate it.",2026-09-27 08:38:42,26.38.05.980791571,bugs or crashes,0.9562921524047852
6427f467-029b-488b-b846-6e467df38afd,learn more chalu Karen,5,0,26.38.01.980791571,2026-09-27 03:56:09,,,26.38.01.980791571,accessibility or readability problems,0.5099205374717712
d1cad5fe-2dd0-4995-8d9d-a4ba79afca03,good one,5,0,26.33.02.961351034,2026-09-27 03:52:35,,,26.33.02.961351034,other,0.15410849452018738
b6c0de85-4bc9-457f-8c75-fe662f65c4a7,"Have trouble seeing the names for roads, and highways",2,1,26.37.05.977222275,2026-09-27 03:47:13,"That doesn't sound good, Esequiel. To help me look into this further, please create a post in our Google Maps Help Community. Our team and community experts can assist you there: goo.gle/3vosTcH. Appreciate it.",2026-09-27 08:41:15,26.37.05.977222275,accessibility or readability problems,0.9808632731437683
410a04a5-2f0a-457f-986f-48ac9ab6eae4,why is it being extra stupid this last week,1,0,26.38.01.980791571,2026-09-27 03:46:33,"I understand your concern, Nour. To help me look into this further, please create a post in our Google Maps Help Community. Our team and community experts can assist you there: goo.gle/3vosTcH. Appreciate it.",2026-09-27 08:39:46,26.38.01.980791571,bugs or crashes,0.8639653325080872
ebc8d427-cc83-4f58-85f6-e4bad15edd4c,good,5,0,26.38.00.981399775.W,2026-09-27 03:45:25,,,26.38.00.981399775.W,other,0.021383652463555336
c9fff09e-cf64-4719-8345-c701ff26d761,"It has an awful Artifical Idiot bot that turns itself on unasked. It often tries to send me into construction that it doesn't know about and blows up my phone with alerts about police on the other direction of a divided highway. It also displays inaccurate or made up names for international bodies of water. If one guy can unilaterally call multiple international waters stupid things and have this app change it, they need to let me rename Ohio to something equally stupid",1,0,26.38.01.980791571,2026-09-27 03:45:09,,,26.38.01.980791571,bugs or crashes,0.9717235565185547
2d818206-b825-47a4-bcbe-f2a836936c69,"What used to be the go-to navigating app is now garbage. Between AI and sponsored results, you will need to carefully check each result to make sure it is sending you where you wanted to go. This thing sent me to three different supposedly full-service FedEx locations before I found one that actually was. God forbid you need to find a gas station while driving interstate. Rather than direct you to the nearest, it will send you to whoever paid them most.",1,1,26.38.01.980791571,2026-09-27 03:42:50,,,26.38.01.980791571,bugs or crashes,0.8993158340454102
881636b8-bbcf-45e5-8b67-dbfc5f3cd089,"Why??? When will we be able to warn tax paying citizens of speed,red-light and stop sign cameras right in the app? Also since Google owns Waze why can't we speak warning like car on shoulder as we can in Waze. Thank you for now posting the speed limits with in the app like Waze has been doing for years. Please add the verbal warning of speed, red-light and stop sign cameras like Waze does instead of sometime making a noise of some cameras 📷 Add the options in the warning ⚠️.. 2 & half stars",2,23,26.38.01.980791571,2026-09-27 03:41:24,,,26.38.01.980791571,a feature request,0.9917266368865967
a90f8ab8-baf0-46e1-b4aa-2599f8174da5,very nice app,5,0,26.38.01.980791571,2026-09-27 03:37:06,,,26.38.01.980791571,other,0.005155486986041069
9a60569a-3142-42a2-b280-3948ba213697,very good 👍,5,0,26.35.03.969485213,2026-09-27 03:35:17,,,26.35.03.969485213,other,0.023026609793305397
7ab25395-533f-4486-a6cb-b78b551be9d0,ftehiyr,5,0,26.38.01.980791571,2026-09-27 03:35:03,,,26.38.01.980791571,bugs or crashes,0.8433048725128174
3a2d8230-5aba-4504-a128-a18075dfdf4e,The new default voice after the latest update is annoying and high-pitched. change it back to the old warm voice!,1,1,26.38.01.980791571,2026-09-27 03:31:16,,,26.38.01.980791571,a feature request,0.8213952779769897
cdd5a959-3436-40cc-bcb0-3ea48ecb3a4b,Very nice app,5,0,26.37.05.977222275,2026-09-27 03:30:07,,,26.37.05.977222275,other,0.005079349037259817
2d911a6f-fe6e-4efe-8d5c-fe88fbce04e3,Good app,5,0,25.38.02.806933749,2026-09-27 03:29:36,,,25.38.02.806933749,other,0.008635139092803001
0e7dd391-047d-4786-9151-11dd4e33bc1c,very useful app,5,0,26.37.05.977222275,2026-09-27 03:28:10,,,26.37.05.977222275,other,0.0024310811422765255
c8e54ec8-e580-4899-8d2c-4d9b92741373,glitch issues,1,0,26.38.01.980791571,2026-09-27 03:27:37,,,26.38.01.980791571,bugs or crashes,0.9992949366569519
ce1aab1c-89f6-4a81-92b7-55a4f45179f2,it is very good app,5,0,26.38.01.980791571,2026-09-27 03:26:46,,,26.38.01.980791571,other,0.007570147048681974
341efbe8-4060-453f-b603-15f05a4bd361,very helpful ☺️,5,0,26.38.01.980791571,2026-09-27 03:19:44,,,26.38.01.980791571,other,0.3272998034954071
dd8342b3-c92a-462a-bfa9-4a74fd488a27,good 😊😊😊,5,0,26.38.01.980791571,2026-09-27 03:17:39,,,26.38.01.980791571,other,0.0177884753793478
9b98c93b-17be-4a0e-8bd0-331c3c581dd1,bahut jayda ghatiya,1,0,26.35.03.969485213,2026-09-27 03:17:18,,,26.35.03.969485213,accessibility or readability problems,0.8793886303901672
72776df5-b39e-4ffe-881d-41eb1a90ebc6,nice app,5,0,26.38.01.980791571,2026-09-27 03:16:59,,,26.38.01.980791571,other,0.0035492011811584234
6191e233-1232-498c-b599-43d75af0f384,👍,5,0,26.38.01.980791571,2026-09-27 03:14:54,,,26.38.01.980791571,bugs or crashes,0.6859960556030273
65d4c623-2cd7-4f4f-874d-c78319c60b51,"tapping the search bar crashes the app. I've tried reinstalling, clearing data, updating and still consistently crashes after tapping. makes the app unusable. update: google responded and clearly didn't read that I tried updating and reinstalling as part of my troubleshooting.",1,0,26.38.01.980791571,2026-09-27 03:14:17,"Hi Sasha. If Google Maps is crashing, let's make sure you're on the latest version: goo.gle/43EOVsN. If it keeps happening, please send feedback here: goo.gle/43OR0Ce. Hope this helps.",2026-09-27 03:09:25,26.38.01.980791571,bugs or crashes,0.9982579350471497
de220998-5ad1-4f51-b600-4e4bd16200d4,"Can you please make so I can arrange my search results in the app however I want. Sometimes I want to know what is highest rated, sometimes I want it to be displayed by distance and sometimes I want to choose the filter. But no, it seems that the overlords don't want you to have choice... C'mon stop pushing your own agenda and work on stuff to make peoples lives easier and better. You have moved so far from that.",3,0,26.38.01.980791571,2026-09-27 03:13:22,"I understand your concern, Taz. You can submit the details of what you're experiencing by following these steps: goo.gle/355m3NU, so our team gets the right information to help improve the app.",2026-09-27 03:29:45,26.38.01.980791571,a feature request,0.9945876002311707
18470f35-1f43-4337-91be-ad68221de2dd,Inaccurate names and navigation. garbage app.,1,0,26.38.01.980791571,2026-09-27 03:12:40,"That doesn't sound good, Rodney. To help me look into this further, please create a post in our Google Maps Help Community. Our team and community experts can assist you there: goo.gle/3vosTcH. Appreciate it.",2026-09-27 03:32:21,26.38.01.980791571,accessibility or readability problems,0.9949862957000732
f20ccd64-8e46-4aa6-bd21-df6969af202e,the new voice is unbearable and it is the only option that gives the street names so it's the only option that's usable. which means this app is no longer usable for directions.,1,1,26.38.01.980791571,2026-09-27 03:10:48,,,26.38.01.980791571,other,0.47442224621772766
d27b0d2c-2cee-4d8e-b4bf-ff61b6f90d52,my location is great 👍,3,0,26.21.01.916832833,2026-09-27 03:00:57,,,26.21.01.916832833,other,0.03108968585729599
c17f4299-a7cf-4f5c-ad22-160a5923f785,"AI garbage needs to go. constantly switching a route, told me to turn right when there was nowhere to turn, told me to pass a road that doesn't exist, randomly stated a bunch of numbers",1,0,26.38.00.981399775.W,2026-09-27 02:58:56,,,26.38.00.981399775.W,bugs or crashes,0.9921821355819702
7d67524c-cc3a-4928-acc4-7450deb66a79,exilent,5,0,11.11.2,2026-09-27 02:55:04,,,11.11.2,accessibility or readability problems,0.9501087665557861
77e28d76-76f6-446f-bb39-5df1373b1823,"as regards my videos uploaded in google maps review - audio is lost. i tried unmuting, clearing the cache storage , restarting etc. but no use. pl rectify.",1,0,26.38.01.980791571,2026-09-27 02:31:33,"That's not the experience I want you to have, Kumar. You can submit the details of what you're experiencing by following these steps: goo.gle/355m3NU, so our team gets the right information to help improve the app.",2026-09-27 15:29:52,26.38.01.980791571,bugs or crashes,0.9982626438140869
c36cc413-8434-4f8b-8dab-c69d289a2280,"Absolute massive downgrade of an update. Navigator voice no longer says which street name or exit to take, only says ""in X feet, turn right"" or ""in X feet, take the exit on the right"", despite there being THREE DIFFERENT EXITS TO TAKE. So now i have to pull my phone over and take my eyes off the road to look at the actual map. Genuinely consider firing your dev team.",1,1,26.39.04.984891338,2026-09-27 02:29:42,,,26.39.04.984891338,accessibility or readability problems,0.9759957194328308
40a4b088-3917-45cd-a4cb-06fb268ce21c,nice,5,0,26.38.01.980791571,2026-09-27 02:21:11,,,26.38.01.980791571,other,0.0985482931137085
dae9153d-c702-4286-bb84-e0bd8ad0ab2c,brilliant app,5,0,26.38.01.980791571,2026-09-27 02:20:18,,,26.38.01.980791571,other,0.00206059031188488
234b4bf4-23d2-4f17-803e-a284812b00ac,Excellent,5,0,26.22.04.920688788,2026-09-27 02:10:06,,,26.22.04.920688788,other,0.028473902493715286
d29ce9fe-fe3a-4c7a-9f4c-6da11269583e,Very good,5,0,26.38.01.980791571,2026-09-27 02:06:33,,,26.38.01.980791571,other,0.01780787855386734
21acbf2e-9c2b-4a5b-b03e-ea9b664ecfe2,naim,5,0,,2026-09-27 02:01:32,,,,bugs or crashes,0.7315093874931335
600e3cbc-1f95-4133-a636-5350d4fae77b,very good and helpful,4,0,26.38.01.980791571,2026-09-27 01:55:57,,,26.38.01.980791571,other,0.06800691783428192
1a6046ec-850b-491e-b61a-0beb37b15d44,works most of the time but it really struggles with road closures and is very insistent at trying to send you down said closed roads. It also gets roundabout exits wrong. It's definitely a lot worse than it used to be.,2,0,26.38.01.980791571,2026-09-27 01:54:00,"I understand your concern. To help me look into this further, please create a post in our Google Maps Help Community. Our team and community experts can assist you there: goo.gle/3vosTcH. Appreciate it.",2026-09-27 03:30:38,26.38.01.980791571,other,0.19488203525543213
931f4c40-c8e9-4ffe-bff0-6d3f3eef90ee,"Used to be default app for driving and travel. Last few months multiple issues became nuisance. Losing gps signal, losing connection with great service. Not uploading maps fully, with big chunks missing. I found an alternative without the ads and data harvesting. Really poor!!!",1,1,26.38.01.980791571,2026-09-27 01:47:24,,,26.38.01.980791571,bugs or crashes,0.9960954785346985
17fa21de-d7b8-4ec5-8595-763fc3cf3b47,Improve the timeline graphics. Very hard to understand the routes travelled,3,0,26.34.04.965633971,2026-09-27 01:40:30,"I understand your concern, Sreehari. You can submit the details of what you're experiencing by following these steps: goo.gle/355m3NU, so our team gets the right information to help improve the app.",2026-09-27 03:22:39,26.34.04.965633971,accessibility or readability problems,0.9976291656494141
89821c33-ada4-4590-811a-1c2be1f9658c,"apparently Google maps doesn't know left from right. I am also tired of them telling me to take one highway only for them to tell me to get off at an exit for another highway that I literally just passed. they will have me take roundabout ways to get some place instead of a straight shot. they also have me turn down roads that, as soon as I have turned down that road, tell me that I went the wrong way with that annoying little sound. useless.",2,1,26.35.03.969485213,2026-09-27 01:36:17,"That doesn’t sound good, Krystin. I'd love to learn more about this issue and help! Please create a post in our Google Maps forum so our community of experts can assist you: goo.gle/3vosTcH. Hope this helps.",2026-09-27 03:21:31,26.35.03.969485213,bugs or crashes,0.9071669578552246
a5e96c3c-70d9-44cc-a5e7-318d14432c71,"The biking layer has been faded (the thickness has been reduced), and only can be seen if we zoom in a lot. This makes no sense!! Why would you remove a perfectly working feature and put a unusable one instead?? I have given feedback so many times via the app, but no response. Please revert it back to how it was, and let us cyclists keep on using this app.",1,1,26.38.01.980791571,2026-09-27 01:33:06,,,26.38.01.980791571,a feature request,0.9257488250732422
293f6a90-f2df-4090-958b-d4b61a99b7ea,Beautiful app to make a easy accessible to any part in this world with high accuracy,5,0,26.38.05.980791571,2026-09-27 01:31:14,,,26.38.05.980791571,other,0.0052829948253929615
b89e7532-7eae-4402-a097-f73cb70daf54,"Maps works pretty well except occasionally in close locations. Maps is ALWAYS unusable to find EV charging stations! They have very few locations, rely on an undernourished review system, and are very unreliable for up- to-date information.",3,0,26.38.01.980791571,2026-09-27 01:26:24,"I understand your concern, Gregg. You can submit the details of what you're experiencing by following these steps: goo.gle/355m3NU, so our team gets the right information to help improve the app.",2026-09-27 03:16:59,26.38.01.980791571,other,0.3492482006549835
58f8af0a-48e7-4fe9-ae39-bdad327a511b,No distance filter is astronomically ridiculous for a map app to not have and have by default....,1,1,26.36.03.973607363,2026-09-27 01:26:16,"That doesn’t sound good, Darius. You can submit the details of what you're experiencing by following these steps: goo.gle/355m3NU, so our team gets the right information to help improve the app.",2026-09-27 03:15:00,26.36.03.973607363,a feature request,0.9619672298431396
0989a6f4-35da-4907-ad52-ef982fc45866,"yeah Google maps is the best if you're trying to get yourself lost or on a worse day killed put your hotel address in, it takes you to the projects, trying to get to the store, it tells you to turn the wrong way down a one way street. even when it's right it's wrong, it tells you when to turn after you just pass the turn.",1,1,26.38.01.980791571,2026-09-27 01:26:07,"That’s not the experience I'd want you to have, Janet. To help me look into this further, please create a post in our Google Maps Help Community. Our team and community experts can assist you there: goo.gle/3vosTcH. Appreciate it.",2026-09-27 03:15:36,26.38.01.980791571,bugs or crashes,0.8961090445518494
c7b7c034-4ac3-462c-9a8e-c0728c9cc89a,"Hacked. All street names are people I know or song/band titles. The ones my phone likes, not my preferences. This app phone bias. im getting a gay apple, like the rest of the gay guys near me, which is every guy I know. It's a conspiracy to turn me but I'm staying focused, straight ahead 🤠",1,0,26.38.01.980791571,2026-09-27 01:20:38,,,26.38.01.980791571,bugs or crashes,0.8589167594909668
c20803c6-0bfb-4255-9b05-bc8f858b38df,Like using navigation but the recent voice change sucks. She sounds like a condescending hungry teenager with attitude. I get enough of that from my kids. Change it back to the nice lady's voice.,1,1,26.38.01.980791571,2026-09-27 01:20:11,,,26.38.01.980791571,a feature request,0.8679038882255554
e19dca99-2af7-4ff9-9fe5-d13c440f397f,I love Google maps it's got everything you need in one spot. It makes going on trips with the kids a breeze and shows us what we can enjoy for lunch time also. I give this app a 10 out of 10.,5,0,26.35.03.969485213,2026-09-27 01:18:32,,,26.35.03.969485213,other,0.019793108105659485
8a01e69f-207f-43e7-bfb2-eeff572a0fef,H-'s.™✓,5,0,26.38.01.980791571,2026-09-27 01:04:14,,,26.38.01.980791571,bugs or crashes,0.8255612254142761
7f732664-a613-46ee-94de-7764458fabf6,worst experience with this app don't have capability to locate bus where it was but showing fake timings and wasting time of people. If this app don't have capability to track buses then better to remove the option.,1,0,11.126.0103,2026-09-27 01:03:36,"That doesn’t sound good, Praveen. I'd love to learn more about this issue and help! Please create a post in our Google Maps forum so our community of experts can assist you: goo.gle/3vosTcH. Hope this helps.",2026-09-27 03:13:00,11.126.0103,a feature request,0.7068139314651489
ba1b80a5-2a6b-42ec-9732-3bdd9f320218,Amazing app to use. Very convenient. Would definitely recommend it for use since it's very easy to go through and definitely meets your needs.,5,0,26.36.03.973607363,2026-09-27 01:01:18,,,26.36.03.973607363,other,0.12329205125570297
4f8e7a86-eefe-4df2-bb5c-867f2479a0e5,"it's saying half directions . I use earphone and put phone in my pocket but after that , instead of saying ""In 100 metres take right ""... it says ""metres take right"" . Another example is when it should say ""Turn left "" , it's only saying ""ft"" . what's that supposed to mean ??",1,0,26.38.01.980791571,2026-09-27 00:54:49,"I understand your concern, Krishnaraj. To help me look into this further, please create a post in our Google Maps Help Community. Our team and community experts can assist you there: goo.gle/3vosTcH. Appreciate it.",2026-09-27 03:12:45,26.38.01.980791571,accessibility or readability problems,0.9771090149879456
237a0cc6-9e58-45d1-8594-b947b67f14f3,"Why does Drayton Ontario now appear as Mapleton which is a municipality, NOT an actual place. Drayton has always shown on Maps for as long as I can remember, but recently was replaced by Mapleton. Why? It was a stupid change.",3,0,26.38.01.980791571,2026-09-27 00:54:18,,,26.38.01.980791571,"unclear pricing, privacy or unexplained changes",0.7773423194885254
06b729a9-4e17-4f91-9a7d-36ba7c9d9676,"Maps doesn't post the address when you look up a business, doesn't post the minutes to get there at a glance, and doesn't let you put ""distance"" as a default before ""relevance."" These are all no-brainers.",1,0,26.38.01.980791571,2026-09-27 00:50:14,"I understand your concern, Becky. You can submit the details of what you're experiencing by following these steps: goo.gle/355m3NU, so our team gets the right information to help improve the app.",2026-09-27 03:11:18,26.38.01.980791571,"unclear pricing, privacy or unexplained changes",0.6212329268455505
092c04ac-4f34-499b-b744-bcdaecbc74be,Excellent,5,0,,2026-09-27 00:42:06,,,,other,0.028473902493715286
58e0b287-571f-45e7-a170-54ccab80910f,"Mandatory 24/7 GPS and network tracking just to use the sensor already built-in to my phone? No, thank you.",1,1,26.25.05.932239228,2026-09-27 00:39:09,,,26.25.05.932239228,a feature request,0.9974142909049988
44f1beb6-2e2a-4b6a-978a-6ffb681dc7bd,"will not stop crashing, blinks alot on opening, will lag then just crash.",1,0,26.38.01.980791571,2026-09-27 00:29:35,"Hi Brianna. If Google Maps is crashing, let's make sure you're on the latest version: goo.gle/43EOVsN. If it keeps happening, please send feedback here: goo.gle/43OR0Ce. Appreciate it.",2026-09-27 01:49:34,26.38.01.980791571,bugs or crashes,0.999552845954895
306c2e01-bc84-4c15-a546-6b23755d19af,It won't give directions to a destination. It sucks!,1,0,26.38.01.980791571,2026-09-27 00:26:02,"That doesn’t sound good, Roger. I'd love to learn more about this issue and help! Please create a post in our Google Maps forum so our community of experts can assist you: goo.gle/3vosTcH. Hope this helps.",2026-09-27 01:46:58,26.38.01.980791571,a feature request,0.9881452322006226
b2dda029-54f3-4f2f-906d-675d01680049,Un-American and an embarrassment.,1,1,26.38.00.981399775.W,2026-09-27 00:23:26,,,26.38.00.981399775.W,"unclear pricing, privacy or unexplained changes",0.5724899768829346
42803157-2df4-4d06-9633-2a3618a4241e,"I am not able to get directions to my destinations due to stupid sponsored results, which should not be there",1,0,26.38.01.980791571,2026-09-27 00:21:24,,,26.38.01.980791571,bugs or crashes,0.9527992010116577
5fb8268f-ffda-4896-98a5-79ec03816efc,location is always in correct,1,1,26.38.01.980791571,2026-09-27 00:20:34,,,26.38.01.980791571,other,0.036890801042318344
d4c60905-957e-4392-a081-67e2c95203a4,good very accurate,5,0,26.38.01.980791571,2026-09-27 00:17:45,,,26.38.01.980791571,other,0.1121613010764122
58751a96-2217-4901-97b2-3475b8914c09,ok,5,0,26.38.01.980791571,2026-09-27 00:08:10,,,26.38.01.980791571,other,0.3308021128177643
32be0c21-c7ad-4c3a-a897-60d7fee5a23e,good apps for maps,4,0,26.35.03.969485213,2026-09-27 00:02:07,,,26.35.03.969485213,other,0.016108522191643715
6c6775e2-9062-43ca-b253-42cc50fc944d,рхх,5,0,10.64.2,2026-09-26 23:56:24,,,10.64.2,bugs or crashes,0.7164873480796814
25393c75-36bc-402c-b8b9-7b6efda49579,It is good,5,0,10.63.6,2026-09-26 23:54:41,,,10.63.6,other,0.009910836815834045
9ab6a01a-dc0e-45f4-b0c6-ff06f45abb79,I love google maps but the new gravely female voice is the most annoying thing ever! It drives me crazy and was so not necessary!,1,1,26.38.01.980791571,2026-09-26 23:48:55,,,26.38.01.980791571,a feature request,0.7969649434089661
41fa193f-fa23-414f-82ee-77a8187ce146,"good, but...I want to start every Maps session in satellite view. Thus works fine in the base version that came with my phone (galaxy s25 ultra). But as soon as the app is updated, and even though Satellite View is set as default, after a couple of uses it returns to basic view (while Satellite remains as default). AI has helped me troubleshooting through all possible scenarios, Maps and Android, and the only fix that works is to uninstall Maps updates, then I get what I want.",3,0,26.38.01.980791571,2026-09-26 23:44:30,"That doesn’t sound good, Nick. I'd love to learn more about this issue and help! Please create a post in our Google Maps forum so our community of experts can assist you: goo.gle/3vosTcH. Hope this helps.",2026-09-27 03:04:29,26.38.01.980791571,a feature request,0.9946161508560181
d608c8cf-b4e4-4e60-8363-cd5a2d7be8a0,"EVERY time I use since update, it causes catastrophic errors on phone. MUST MANUAL RESTART EACH TIME.",1,3,26.38.01.980791571,2026-09-26 23:44:15,,,26.38.01.980791571,bugs or crashes,0.9987770318984985
2f524ea0-cb85-46d9-9360-8f58ce1d4686,good,5,0,26.34.04.965633971,2026-09-26 23:23:12,,,26.34.04.965633971,other,0.021383652463555336
1d4c5d6c-21d3-4fe6-b523-52ab69032584,forced annoying ai voice on navigation.,1,1,26.38.01.980791571,2026-09-26 23:19:41,,,26.38.01.980791571,accessibility or readability problems,0.8038737773895264
ba08fc8a-010f-4d1a-b1de-6859bf00ab0a,"Bugged out. Never opens in satellite mode anymore, even though it is set to.",1,9,26.38.01.980791571,2026-09-26 23:14:35,"Hi Dean. You can customize your default map view by checking out the steps here: Go to your Profile > Settings > App & Display and selecting Start app in satellite view. Once enabled, the app will save your preference automatically. Appreciate it.",2026-09-27 03:03:19,26.38.01.980791571,bugs or crashes,0.9995505809783936
c2b69fe0-80e2-471a-b4da-7239053e01ca,"Google Maps is simply genius! 🌟🗺️ It takes you anywhere with ease, helps you explore new places, and even avoids traffic like magic 🚗✨. Your ultimate travel buddy, always spot-on! 👏🌍🔥 Amazing & very special app 💖💖💖",5,0,26.38.01.980791571,2026-09-26 23:07:55,,,26.38.01.980791571,other,0.040654487907886505
ec24b3f1-e935-4639-b1ca-b9fb30947e2a,Better app but it disturbs when some popular locations are not found. Please fix this issue.,4,0,25.32.00.790560726,2026-09-26 23:06:07,,,25.32.00.790560726,bugs or crashes,0.9547185897827148
7d8a4e08-bb47-4987-999c-b4c21efd4c30,Cannot edit business hour times. Selecting a time number field does not bring up a keyboard,4,0,26.38.01.980791571,2026-09-26 22:58:32,,,26.38.01.980791571,a feature request,0.9092979431152344
f54f148a-3fcc-4ec7-b427-11c646cd6b24,hi dear,1,0,10.63.6,2026-09-26 22:47:33,,,10.63.6,bugs or crashes,0.8705911636352539
4eeede11-a9b4-43a1-bd98-6fbb32364e4a,"Grrr No more notifications for upcoming ahead traffic incidents, nor police no more fixed stationary or mobile speed camera alerts. Seriously they DON'T work anymore with this new updated Google maps version! how do I install and go back to the previous maps version??",2,0,26.38.01.980791571,2026-09-26 22:47:25,"That doesn’t sound good, Christopher. I'd love to learn more about this issue and help! Please create a post in our Google Maps forum so our community of experts can assist you: goo.gle/3vosTcH. Hope this helps.",2026-09-27 03:02:17,26.38.01.980791571,a feature request,0.9734102487564087
c0395d38-eb00-4d86-88ac-ea3f7cfb3879,good,5,0,11.126.0103,2026-09-26 22:43:00,,,11.126.0103,other,0.021383652463555336
85bdd3f4-75c3-4acd-a9c5-9b8400376093,It's the Gulf of Mexico and Lake Ontario. You caved to the Orange Bafoon in the White House.,1,2,26.38.01.980791571,2026-09-26 22:39:32,,,26.38.01.980791571,a feature request,0.6112189888954163
d9614a30-b9ae-4ea1-a581-c5583252487a,Really ..Useful but ..Sometimes arises confuses at bridges..,5,0,26.38.01.980791571,2026-09-26 22:39:08,,,26.38.01.980791571,"unclear pricing, privacy or unexplained changes",0.6986162662506104
971b547b-d74b-4068-b51b-b289fe9371c5,"They're called Lake Ontario and the Gulf of Mexico but you wouldn't know that would you? spinless bastards, spending too much time taking the orange frumpet up the butt.",1,1,26.38.01.980791571,2026-09-26 22:37:04,,,26.38.01.980791571,bugs or crashes,0.744848906993866
3cf40f7c-66f3-47b6-843c-c1308a857d7d,Reviews are public and include your account and device,5,0,25.27.04.777251107,2026-09-26 22:35:56,,,25.27.04.777251107,bugs or crashes,0.8798444271087646
9c94763b-7375-496b-84e0-69ba8e992f1d,it's lake Ontario,1,1,26.38.01.980791571,2026-09-26 22:35:35,,,26.38.01.980791571,other,0.35871782898902893
74807d1c-6648-46b2-a2e2-0008e9816694,"Nazareth, KY, USA United States",5,0,26.37.05.977222275,2026-09-26 22:29:42,,,26.37.05.977222275,other,0.4905634820461273
664f95ae-5dbe-4313-ad1d-8bd1d3a14e31,Very good navigation.,5,0,26.38.01.980791571,2026-09-26 22:17:16,,,26.38.01.980791571,other,0.007459535729140043
b1f302c6-a205-4970-a999-f0c6e91a7fc9,very easy to use and accurate.,5,0,26.38.01.980791571,2026-09-26 22:15:40,,,26.38.01.980791571,other,0.022279147058725357
c330f2af-d63e-4277-9ede-5dacbd077ce2,Google Maps is very useful and easy to use. The directions are accurate and make travelling much easier,5,0,26.38.01.980791571,2026-09-26 22:11:00,,,26.38.01.980791571,other,0.012315619736909866
52f761b3-affc-45b1-b93e-85aef5aeb408,good,5,0,26.36.03.973607363,2026-09-26 22:09:01,,,26.36.03.973607363,other,0.021383652463555336
1b1345dd-cca4-422d-8618-539589e1ac0c,google on its knees to the orange diaper wearing idiot. how about standing your ground and using the internationally recognised names. Pathetic.,1,1,26.38.01.980791571,2026-09-26 22:06:13,,,26.38.01.980791571,other,0.3897438943386078
7c3db46f-17ea-4d08-96c9-75b97eb3c60a,stop bowing down to that loser and change the lake's name back.,1,2,26.38.01.980791571,2026-09-26 21:59:32,,,26.38.01.980791571,a feature request,0.8686506748199463
54559d97-94e2-42a1-a6f0-f0a62ace5d01,"Pure frustration with innacurate place location in big city, I do not know bow is ot possible even. Moving on",1,1,26.38.01.980791571,2026-09-26 21:43:56,"That doesn't sound good, Sergei. Please send us all the details of your issue by following the steps in this article: https://goo.gle/355m3NU and the product team will have a deeper look.",2026-03-31 16:22:59,26.38.01.980791571,other,0.37375032901763916
a7ec7a5a-e214-4342-96e0-a512ec2722f6,Very useful,5,0,11.25.2,2026-09-26 21:40:28,,,11.25.2,other,0.04806104302406311
cfe34c61-2b60-4579-a55d-846226b9883c,Persian gulf🌊,1,0,26.38.01.980791571,2026-09-26 21:29:51,,,26.38.01.980791571,other,0.28536444902420044
082139c9-4c4b-4067-afd7-0879ddda1975,very bad work,1,0,26.38.01.980791571,2026-09-26 21:29:15,,,26.38.01.980791571,bugs or crashes,0.983495831489563
691dd990-a4b8-4df8-b343-f8a43c93f6e8,good,5,0,11.109.0101,2026-09-26 21:24:45,,,11.109.0101,other,0.021383652463555336
f05134e7-6824-40b8-829a-2afe30a60a7e,try maki chxt,1,0,26.38.01.980791571,2026-09-26 21:19:59,,,26.38.01.980791571,accessibility or readability problems,0.5790641903877258
553791b7-a562-4a5e-9c7f-e8f169aaa9f4,"Google Maps has made travelling so much easier for me. Finding places, getting directions, and checking nearby locations is really convenient. Definitely a useful app!",5,0,26.38.01.980791571,2026-09-26 21:15:53,,,26.38.01.980791571,other,0.06318532675504684
92aaa889-3253-4c3f-ad02-abb3dfc6a34c,"It's a shame they purposely handicap the maps app if you don't opt in to all their data mining policies. Even saved locations don't show up in search if you opt out. ""Do no evil"" indeed... Time to look for another service. - - hallucinates recent locations and will randomly pick whether it shows home or work or neither. why does Google suck so much now?",1,1,26.38.01.980791571,2026-09-26 21:15:16,,,26.38.01.980791571,"unclear pricing, privacy or unexplained changes",0.7197567820549011
339983d2-134d-44a8-954c-ecaf9484260a,Google and Trump can take this app and the nameLake America and shove it. Google exe are A___ kissers!!!!,1,1,11.146.0208,2026-09-26 21:07:56,,,11.146.0208,bugs or crashes,0.7241744995117188
231316dd-7f05-42b0-8588-84dc870a25a4,A bit frustrating,1,0,26.38.01.980791571,2026-09-26 21:04:11,,,26.38.01.980791571,bugs or crashes,0.9718104600906372
b7a729fa-456d-4972-961b-920f4fcb1433,good,5,0,26.38.01.980791571,2026-09-26 20:48:45,,,26.38.01.980791571,other,0.021383652463555336
ce2fc02d-185f-4593-b8b3-f4146c0e97f7,"The AI features keep giving me wrong directions sending me down closed roads, and attempting to send me down roads that don't exist even in Google Maps. And there is no way to turn the AI assist off. I'm okay with AI but a tree stump would prove a better navigator than the AI in this app. Put in a way to disable it or make it not horrendous and I will consider changing back. For now, I have uninstalled and gone to Organic Maps which has not so far told me to drive off the road and into a forest.",1,1,26.16.05.898594237,2026-09-26 20:43:59,,,26.16.05.898594237,bugs or crashes,0.9894779920578003
789fd2dd-cd2a-4768-9db1-45a8dbef6b72,super,5,0,26.38.01.980791571,2026-09-26 20:43:06,,,26.38.01.980791571,other,0.353982150554657
e81247d2-9b56-400a-be71-9f3c49ff82be,Google Maps is a very wonderful tool thank you very much people at Google have a blessed day,5,0,26.38.01.980791571,2026-09-26 20:30:33,,,26.38.01.980791571,other,0.04120507836341858
c871395e-5ae2-4447-a652-4ea962953a4a,Very good,4,0,10.63.6,2026-09-26 20:18:40,,,10.63.6,other,0.01780787855386734
fcff8f7d-8cd5-4f3d-a933-bc592fed06c8,very nice 👍,4,0,26.37.05.977222275,2026-09-26 20:09:15,,,26.37.05.977222275,other,0.012474971823394299
9b3fa1e1-1479-4ff7-adf0-8943a05f96c4,i hate this app its so bad i got lost so many times because of it,1,1,26.38.01.980791571,2026-09-26 20:06:50,"I understand your concern, Bigos. To help me look into this further, please create a post in our Google Maps Help Community. Our team and community experts can assist you there: goo.gle/3vosTcH. Appreciate it.",2026-09-26 21:25:54,26.38.01.980791571,bugs or crashes,0.9867700934410095
3bdfebb1-25b3-40e2-9e2b-5798298b06a0,but ok,1,0,26.15.01.894202351,2026-09-26 20:00:57,,,26.15.01.894202351,other,0.13562092185020447
dfade6e8-f02d-4156-a4af-ab5508f01bcc,useful App,5,0,10.63.6,2026-09-26 19:59:37,,,10.63.6,other,0.0013648336753249168
3409e9ef-bf6c-4536-b619-08a62a4163a7,My experience for this hospital is verry verry good all staff member are cooperative specially Dr Gourav Yadav sir thanks Haldwani Chandan hospital specially Pushpa mam also cooperative,5,0,26.38.01.980791571,2026-09-26 19:56:46,,,26.38.01.980791571,other,0.3826705813407898
4555285a-1efd-490b-ae55-1c24522c285e,Not working properly,1,0,26.38.01.980791571,2026-09-26 19:54:49,"Hi Asma. To help me look into this further, please create a post in our Google Maps Help Community. Our team and community experts can assist you there: goo.gle/3vosTcH. Appreciate it.",2026-09-26 21:24:19,26.38.01.980791571,bugs or crashes,0.9990909695625305
0f9f1418-c25e-4aee-8c3a-f54a54aa2f69,searching for GPS not good,1,0,26.38.01.980791571,2026-09-26 19:53:10,"That doesn’t sound good, Prins. Here are a few tips on getting the most out of your location on Maps, goo.gle/3Q2acbB. Hope this helps.",2026-09-27 02:55:34,26.38.01.980791571,bugs or crashes,0.9069693684577942
2d888a5b-7441-41b9-bd12-b6ca64b86b0b,(optional),5,0,26.38.01.980791571,2026-09-26 19:36:40,,,26.38.01.980791571,bugs or crashes,0.7796226739883423
8d4ba18c-0342-462d-af7f-fe0a64642164,excellent,5,0,26.38.01.980791571,2026-09-26 19:23:18,,,26.38.01.980791571,other,0.008344884030520916
31923261-8b92-42a7-866c-dd7d2f7ce5c1,Good,5,0,26.38.01.980791571,2026-09-26 19:06:58,,,26.38.01.980791571,other,0.02357211522758007
38eb509b-0c10-4d71-9377-f93eb14b4cf3,He himself is confused and keeps confusing others.,1,1,26.38.01.980791571,2026-09-26 19:03:34,Hi Amit. I'd love to learn more about this issue and help! Please create a post in our Google Maps forum so our community of experts can assist you: goo.gle/3vosTcH. Hope this helps.,2026-09-26 19:13:58,26.38.01.980791571,"unclear pricing, privacy or unexplained changes",0.7075902223587036
6f1250f6-159d-4dde-91c9-3637b3f9a9c2,5 stars,5,0,11.102.0101,2026-09-26 19:00:34,,,11.102.0101,other,0.29433006048202515
1629dee2-e7f3-4fed-b8b9-3541f4547fc7,Gets me where I want to go.,5,0,26.38.01.980791571,2026-09-26 19:00:23,,,26.38.01.980791571,other,0.19602106511592865
199b715d-ac7f-470b-97e3-ff5d71eddb0e,very good,5,0,26.38.01.980791571,2026-09-26 18:50:04,,,26.38.01.980791571,other,0.025785954669117928
f1968199-1f2c-4068-8de3-b413b4fe90bb,Absolutely hate the new update. You removed street names from the default voice. I really don't understand the logic with that. The new voice is awful with no option to use the default voice properly.,1,1,26.38.01.980791571,2026-09-26 18:49:26,,,26.38.01.980791571,accessibility or readability problems,0.8935068249702454
71a676d9-93f9-484e-976e-24d61e350c79,naic Good 😊👍 Nice,5,0,11.18.3,2026-09-26 18:41:35,,,11.18.3,other,0.3739997446537018
b51dafc5-20f5-4b8c-84eb-77ea119943ee,Gemini won't respond to verbal commands. it keeps asking me what app to open. my Samsung phone doesn't have navigation in the default app menu. 😡,1,0,26.38.01.980791571,2026-09-26 18:40:42,,,26.38.01.980791571,a feature request,0.9732035398483276
6615c3ce-10ce-4f2a-8e60-38ca5d6972ce,well we'll,5,0,26.23.01.924285238,2026-09-26 18:40:22,,,26.23.01.924285238,bugs or crashes,0.7658467888832092
d9065652-c22d-4fbb-a50a-6407d52b4809,nice,5,0,26.28.03.942936911,2026-09-26 18:33:41,,,26.28.03.942936911,other,0.0985482931137085
3ac8c214-3073-4cc2-b3f4-286c22c80bb6,super,5,0,,2026-09-26 18:21:14,,,,other,0.353982150554657
341ce4c8-0224-4265-ae75-ccb09370e7c7,superb,5,0,10.84.1,2026-09-26 18:19:57,,,10.84.1,other,0.019898822531104088
4566908c-a169-4dbb-beb3-5c90326b3e17,阿拉哥哥饿死我了 台,2,0,26.38.01.980791571,2026-09-26 18:13:05,,,26.38.01.980791571,bugs or crashes,0.9442758560180664
06737d84-2547-440a-b0f0-795d6db947e4,aachha hai app,5,0,26.38.01.980791571,2026-09-26 18:11:13,,,26.38.01.980791571,bugs or crashes,0.7821362018585205
43b49e9c-4a31-4607-98d8-77a6407880c5,Efficient to service of SOCMED,5,0,26.38.01.980791571,2026-09-26 18:05:41,,,26.38.01.980791571,other,0.17472949624061584
897e59b2-e6c7-445f-90ee-8e17c80e0139,"I have tried many places but Aurum Luxe Spa is truly the best spa in Thane for a peaceful weekend retreat. The entire setup looks royal and very premium. I opted for their special package which included an ayurvedic massage, salt treatments, and a long session in their modern saunas. The therapists are extremely well trained and respectful. The location at Kapurbawdi is very easy to find. Excellent service, clean towels, and soothing background music made my day wonderful",5,0,,2026-09-26 17:57:02,,,,accessibility or readability problems,0.5061397552490234
359c2891-1c98-46cc-a3eb-f670bc83a924,"I swear, the map is too old for my country, I keep running out of road on my bike because I cannot be on the traffic or it's a felony. fix your stuff google",1,0,26.38.01.980791571,2026-09-26 17:53:20,"That doesn’t sound good, Chong. I'd love to learn more about this issue and help! Please create a post in our Google Maps forum so our community of experts can assist you: goo.gle/3vosTcH. Hope this helps.",2026-09-26 19:13:34,26.38.01.980791571,bugs or crashes,0.9936769604682922
42d5b1a4-84ef-4400-80ea-ebf08b72d25a,good,5,0,,2026-09-26 17:51:37,,,,other,0.021383652463555336
4a79fae8-a913-4ed2-b85d-0ab57727a183,Satisfied,5,0,9.47.3,2026-09-26 17:45:47,,,9.47.3,other,0.005755093414336443
7fa3250b-8ab1-400c-ac44-033eabc60bbf,"Ever since the last update, I keep getting told there's an update, only to be told it's not available??? Updated to say it's still happening. Why? This blocks me from updating other apps but I can't uninstall- feeling trapped",1,0,26.06.01.863982022,2026-09-26 17:43:21,"Hi Ian. If you're running into issues with Google Maps, try these troubleshooting steps: goo.gle/43EOVsN. If it keeps happening, please send feedback here: goo.gle/43OR0Ce. Appreciate it.",2026-07-28 10:07:28,26.06.01.863982022,bugs or crashes,0.9474504590034485
eac50e24-3e4d-4a17-97f4-a3fb73279fff,Lakhan Kushwaha,5,0,26.37.05.977222275,2026-09-26 17:30:08,,,26.37.05.977222275,other,0.3081306219100952
5e5860b1-4ce7-406c-a924-11d383c7af1c,not showing proper route and accuracy,2,0,11.72.0302,2026-09-26 17:22:53,"That doesn't sound good, Madhu. To help me look into this further, please create a post in our Google Maps Help Community. Our team and community experts can assist you there: goo.gle/3vosTcH. Appreciate it.",2026-09-26 18:50:30,11.72.0302,accessibility or readability problems,0.9644020199775696
f24efa5c-5e23-412e-8aad-8cf0698c1fe8,error why cant open maps?,1,0,10.80.0,2026-09-26 17:04:02,"That doesn't sound good, Chris. To help me look into this further, please create a post in our Google Maps Help Community. Our team and community experts can assist you there: goo.gle/3vosTcH. Appreciate it.",2026-09-26 17:12:58,10.80.0,bugs or crashes,0.9926866888999939
23e8540c-0136-4ed0-a2b6-7bf0c8f27598,miss leading the directions& it causes to death ☠️☠️☠️☠️☠️☠️,1,1,26.33.02.961351034,2026-09-26 16:57:27,"That's not the experience I want you to have, Balaji. To help me look into this further, please create a post in our Google Maps Help Community. Our team and community experts can assist you there: goo.gle/3vosTcH. Appreciate it.",2026-09-26 18:52:24,26.33.02.961351034,"unclear pricing, privacy or unexplained changes",0.8780421614646912
8ae070ac-034a-43ff-9710-1dd740a36c70,Google maps keeps on stopping after update.,1,0,26.38.01.980791571,2026-09-26 16:57:23,"I understand your concern, Simon. Let's try clearing your cache and uninstalling updates using these steps : goo.gle/3rF6Ewz. If it keeps happening, please send feedback here: goo.gle/43OR0Ce. Appreciate it.",2026-09-26 17:10:18,26.38.01.980791571,bugs or crashes,0.9908727407455444
2ace3c99-d977-4338-90d3-4d45b53f0e86,showing old,2,0,26.38.01.980791571,2026-09-26 16:51:27,,,26.38.01.980791571,accessibility or readability problems,0.5203264951705933
6e467a15-7a2c-4921-b385-cff05fc43122,IDK what's going on with this app but its so slow and lagging.,1,0,26.38.01.980791571,2026-09-26 16:48:24,"I understand your concern, Judy. I can help speed things up, this guide has some great tips for Maps on Android: goo.gle/3rF6Ewz. If it’s still slow, please send me feedback here so I can look into it: goo.gle/43OR0Ce. Hope this helps.",2026-09-26 16:57:24,26.38.01.980791571,bugs or crashes,0.9980357885360718
220fc867-e20e-4d4e-9208-1dce5ab56950,ಬೇಗೂರ್,5,0,10.61.2,2026-09-26 16:45:11,,,10.61.2,bugs or crashes,0.8735876083374023
b64820bf-6f7a-447e-a8bd-c70562dd942b,very helpful,5,0,26.35.03.969485213,2026-09-26 16:43:47,,,26.35.03.969485213,other,0.17430709302425385
048d4c46-e8e2-43e8-a09c-106a49618b4e,good app,5,0,26.23.01.924285238,2026-09-26 16:39:47,,,26.23.01.924285238,other,0.007675286382436752
01da459c-4e4d-4969-9fba-9522c275c4d6,Stop forcing AI down our throats. I don't need AI to tell me what restaurants and attractions are there.,1,0,26.37.06.977222275,2026-09-26 16:23:43,,,26.37.06.977222275,a feature request,0.9723425507545471
ae2e4886-cf63-493c-aa18-5a63def30ec9,good,5,0,26.38.01.980791571,2026-09-26 15:56:14,,,26.38.01.980791571,other,0.021383652463555336
d6c20624-281e-4b5d-82a1-56125468595a,Nice,3,0,25.03.01.715545067,2026-09-26 15:45:38,,,25.03.01.715545067,other,0.0576569102704525
5f25415f-4e8c-4a49-941c-231c16d5b829,i can tract my phone,5,0,26.38.01.980791571,2026-09-26 15:43:47,,,26.38.01.980791571,other,0.48010653257369995
e6196379-5d5e-47f2-8682-1e478f9c2118,not good location maps,5,0,26.38.01.980791571,2026-09-26 15:41:28,,,26.38.01.980791571,accessibility or readability problems,0.9322970509529114
68010150-4b04-49ab-8a55-9b49cf131787,it keeps failing to load and I have to uninstall and update to get it working,1,0,26.38.01.980791571,2026-09-26 15:23:38,"I understand your concern, Clifford. You can submit the details of what you're experiencing by following these steps: goo.gle/355m3NU, so our team gets the right information to help improve the app.",2026-09-26 19:16:29,26.38.01.980791571,bugs or crashes,0.9991633296012878
fabe3b0c-5608-4ba5-b9d6-2aaa4c8aeeaa,Giving more miss directions. Less accurate than before. Useless,1,0,26.38.01.980791571,2026-09-26 15:23:37,,,26.38.01.980791571,accessibility or readability problems,0.8799256086349487
927ede6b-3a98-4ce1-96b8-bcf5aabf44aa,Nice❤️,4,0,26.31.02.954292984,2026-09-26 15:23:16,,,26.31.02.954292984,other,0.04927573725581169
4b124b6e-8644-4a94-b4fc-bbc74aa5cb3d,not enough info. tell us if i should go throughthe next signal before my turn. tell me how far to the next turn. give me the name of the street to turn on.,1,1,26.38.01.980791571,2026-09-26 15:18:48,"Hi Sue. You can submit the details of what you're experiencing by following these steps: goo.gle/355m3NU, so our team gets the right information to help improve the app.",2026-09-26 19:19:50,26.38.01.980791571,a feature request,0.9905250072479248
ee5ec023-52e1-4d65-bc17-6800ed48a971,the map goes only there and here instead of giving right route please fix it...!!!!!,2,0,26.38.01.980791571,2026-09-26 15:17:10,"That's not the experience I want you to have, Manoj. To help me look into this further, please create a post in our Google Maps Help Community. Our team and community experts can assist you there: goo.gle/3vosTcH. Appreciate it.",2026-09-26 19:17:03,26.38.01.980791571,a feature request,0.8580432534217834
34af561c-210e-4f46-a8b1-0fe0ec0cb898,very nice,5,0,26.38.01.980791571,2026-09-26 15:16:09,,,26.38.01.980791571,other,0.017341373488307
b1cbba43-8f84-400f-b94f-85e6577773cd,this app is very useful,5,0,26.38.01.980791571,2026-09-26 15:15:58,,,26.38.01.980791571,other,0.013461705297231674
bea93afc-1605-43c7-974c-ccfc1feb02be,very nice mapping,5,0,26.38.01.980791571,2026-09-26 15:13:51,,,26.38.01.980791571,other,0.005486370529979467
d335e0da-2985-4269-bff8-496be12cd432,Good,5,0,26.35.03.969485213,2026-09-26 15:12:14,,,26.35.03.969485213,other,0.02357211522758007
9b56f4ac-baa9-478d-a174-e6da1b82ef0e,"New problem after update. I use dark mode, but it keeps glitching into light mode after updating. This was not an issue before. Please fix, it is noticeable and distracting.",1,0,26.38.01.980791571,2026-09-26 15:09:27,"That doesn't sound good,Antoine. Let's try clearing your cache and uninstalling updates using these steps : goo.gle/3rF6Ewz. If it keeps happening, please send feedback here: goo.gle/43OR0Ce. Hope this helps.",2026-09-26 19:17:33,26.38.01.980791571,bugs or crashes,0.996769368648529
8d2659fa-4715-4341-a5c4-3add1b8f2068,excellent,5,0,26.38.01.980791571,2026-09-26 15:08:43,,,26.38.01.980791571,other,0.008344884030520916
c98d0472-1052-44ee-a03b-f7646a953a5f,im using iqoo z10 turbo+ but still I cant open timeline.. it says my device is using android go even if its not running on android go. first time I open my timeline it appears to be no timeline today and suddenly the message pops-up that my device is android go.,1,0,26.38.01.980791571,2026-09-26 15:08:27,"That doesn't sound good. Here are some helpful tips on how to manage your Timeline, check out this quick guide: https://goo.gle/45aOitC. Hope this helps.",2026-09-26 18:54:16,26.38.01.980791571,bugs or crashes,0.9846355319023132
b873c111-a92a-4067-b427-4976bef15de3,it is good for travellers,5,0,26.38.01.980791571,2026-09-26 15:05:30,,,26.38.01.980791571,other,0.016083581373095512
a88cbad3-f694-48d5-8fe5-21bb088c8d08,This app is embarrassing. Lake of America??? Gulf of America???? why would anyone want to use a Map app that changes place names for no good reason.,1,0,26.38.01.980791571,2026-09-26 15:02:47,,,26.38.01.980791571,"unclear pricing, privacy or unexplained changes",0.9110073447227478
24a5d038-9e25-4e97-956b-506f4357511b,it's very good app for best route and destinations!,5,0,26.38.01.980791571,2026-09-26 15:00:52,,,26.38.01.980791571,other,0.005045580677688122
4b621bd3-b8be-4580-8e4a-67520087fa39,nice,5,0,11.22.2,2026-09-26 14:58:53,,,11.22.2,other,0.0985482931137085
40d19ae7-c88e-4c26-94b6-fac9b77f9d5e,"I have used Google maps for years but it's extremely frustrating. I put in an address, maps gives me a choice of routes, I pick the route I want. The majority of the time maps changes my choice to whatever it wants. VERY FRUSTRATING!!",1,0,26.38.01.980791571,2026-09-26 14:56:45,"I understand your concern. You can submit the details of what you're experiencing by following these steps: goo.gle/355m3NU, so our team gets the right information to help improve the app.",2026-09-26 19:18:01,26.38.01.980791571,"unclear pricing, privacy or unexplained changes",0.875332236289978
3fac52f9-77f0-4554-8152-e4dee5aebaca,it's good app,5,0,26.20.01.913318892,2026-09-26 14:54:05,,,26.20.01.913318892,other,0.006412037648260593
4cd939a6-df31-4369-9ff0-e7e541f5ff5d,best app,5,0,26.30.09.950492155,2026-09-26 14:53:25,,,26.30.09.950492155,other,0.015052101574838161
d84bafde-0a81-4e2a-b908-1d13c78adce0,use full app,5,0,26.38.01.980791571,2026-09-26 14:40:18,,,26.38.01.980791571,other,0.16708147525787354
04d312c0-ede4-4f16-a7c1-e4dffd46bdf4,good app,5,0,26.35.03.969485213,2026-09-26 14:36:13,,,26.35.03.969485213,other,0.007675286382436752
df6296c6-6a74-49f8-81d2-842bba571ff9,it's very good app,5,0,26.33.02.961351034,2026-09-26 14:34:38,,,26.33.02.961351034,other,0.0067522963508963585
d3930e4e-50e6-49f7-ae0d-5917ebd7b54b,good app,5,0,26.38.01.980791571,2026-09-26 14:34:06,,,26.38.01.980791571,other,0.007675286382436752
b45c88bb-b8ba-408a-82fc-bf9960d02a9d,Good,5,0,10.63.6,2026-09-26 14:24:52,,,10.63.6,other,0.02357211522758007
d75530e4-14f6-45ab-a009-7f8f8bf3d1c3,good work 👍,5,0,26.38.01.980791571,2026-09-26 14:24:40,,,26.38.01.980791571,other,0.016934551298618317
832b5f83-c6bb-40d3-b939-6cea72089b78,sponsored way points make the experience worse. How can I delete this app?,1,0,26.38.01.980791571,2026-09-26 14:23:55,,,26.38.01.980791571,bugs or crashes,0.7832484245300293
b350a207-f368-4514-aca5-c2775bb4842b,nice app,5,0,26.38.01.980791571,2026-09-26 14:22:42,,,26.38.01.980791571,other,0.0035492011811584234
4b8c8c0a-9385-4afb-8ccf-61a56e4dbe43,good,4,0,26.38.01.980791571,2026-09-26 14:20:11,,,26.38.01.980791571,other,0.021383652463555336
a54996c7-9766-4b0a-82b4-b2ff43e7e345,No location show,1,0,26.38.01.980791571,2026-09-26 14:17:41,"Hi Kulsum. To help me look into this further, please create a post in our Google Maps Help Community. Our team and community experts can assist you there: goo.gle/3vosTcH. Appreciate it.",2026-09-26 14:49:02,26.38.01.980791571,other,0.36124131083488464
3a064d4b-1ea7-45dc-aba3-2acb264c9c90,yesfull,5,0,26.37.05.977222275,2026-09-26 14:15:31,,,26.37.05.977222275,bugs or crashes,0.6653624176979065
1b3b51e0-7e3c-48e0-9e7d-fcd94c9f64e3,best,5,0,26.38.01.980791571,2026-09-26 14:11:42,,,26.38.01.980791571,other,0.3580182194709778
6a0b0b8a-3ea0-4014-b15a-9c1a7daf0f5a,useful app,5,0,26.38.01.980791571,2026-09-26 14:03:25,,,26.38.01.980791571,other,0.0015027603367343545
14b35345-5f8c-45b9-888f-ca31da9ff985,best service,5,0,26.23.01.924285238,2026-09-26 14:03:24,,,26.23.01.924285238,other,0.022384176030755043
86f17f17-2987-4be3-aa6c-a254ab22a848,Best app for location 👌,5,0,26.37.05.977222275,2026-09-26 13:57:00,,,26.37.05.977222275,other,0.0019519806373864412
d12a0dd0-5fcb-443b-a7a2-7f05e19525fe,"Excellent app. For maps only one app that is google maps. Recently ask maps feature is introduced, it is very useful. I am very much thankful to ask maps feature as it helped me in finding nearby hospitals for my brother. I don't have words to express my thankfulness, as it is helping in each and every aspect",5,0,26.34.04.965633971,2026-09-26 13:56:44,,,26.34.04.965633971,other,0.015406369231641293
e1c1be05-3ea7-4de5-b455-2771624ac1e2,on and off been showing public transport routes that take close to 2 hours vs a 30min train ride. sometimes with journeys starting the night before despite changing the toggle to best route.,2,0,26.38.01.980791571,2026-09-26 13:54:28,"That doesn't sound good, Cyndi. To help me look into this further, please create a post in our Google Maps Help Community. Our team and community experts can assist you there: goo.gle/3vosTcH. Appreciate it.",2026-09-26 14:47:29,26.38.01.980791571,"unclear pricing, privacy or unexplained changes",0.5141165256500244
72a8aa01-97d8-47af-bacd-a7197b032d85,Nice,1,0,26.38.01.980791571,2026-09-26 13:53:53,,,26.38.01.980791571,other,0.0576569102704525
554331a5-98f2-421d-b712-088e309f0966,Vv good,5,0,26.36.03.973607363,2026-09-26 13:51:31,,,26.36.03.973607363,other,0.07774312049150467
1af7424e-4a7f-418f-b663-42cec22b9648,"Maps keeps getting worse, more advertisements, more caving, less accuracy, less functionality. After new update predictive text is no longer available in the notes areas for pins.",1,0,26.38.01.980791571,2026-09-26 13:49:34,"That's not the experience I want you to have, Andria. To help me look into this further, please create a post in our Google Maps Help Community. Our team and community experts can assist you there: goo.gle/3vosTcH. Appreciate it.",2026-09-26 14:51:24,26.38.01.980791571,bugs or crashes,0.9854483008384705
6267546b-e621-4911-8962-db535f972e48,nice,5,0,26.06.01.863982022,2026-09-26 13:45:12,,,26.06.01.863982022,other,0.0985482931137085
b3201c43-a120-4543-8531-f3a9575963b3,good app,5,0,26.37.05.977222275,2026-09-26 13:42:13,,,26.37.05.977222275,other,0.007675286382436752
0d7299e6-f94b-43c6-9c10-814e27869ffc,"Decrease app size, apart from this, all is nice.",1,0,25.38.02.806933749,2026-09-26 13:42:03,"Hi Pruthviraj. Thanks for the feedback! You can submit the details of what you're experiencing by following these steps: goo.gle/355m3NU, so our team gets the right information to help improve the app.",2026-07-11 20:54:26,25.38.02.806933749,a feature request,0.9567277431488037
8576b17d-d706-4b74-8c7b-0f6c35a10f43,no problems except sometimes I get a different route every time I go somewhere to return home it always wants to bring a different way home..but other than that no problems whatsoever 😎,5,0,26.38.01.980791571,2026-09-26 13:39:12,,,26.38.01.980791571,bugs or crashes,0.596985936164856
0ec6e7cf-8a80-4fe8-9856-73d7bbb41ab3,good,5,0,26.38.01.980791571,2026-09-26 13:33:50,,,26.38.01.980791571,other,0.021383652463555336
dc6ddb86-9ea6-4b7a-b13e-c1be74cd659d,best editing and nobody is not working at the world 🌍 ka,5,0,26.33.02.961351034,2026-09-26 13:32:08,,,26.33.02.961351034,other,0.04564791917800903
a98ffc74-9c1b-431d-8c8b-fae50ebcd059,this is best app,5,0,26.36.03.973607363,2026-09-26 13:32:03,,,26.36.03.973607363,other,0.019806763157248497
57b652c1-9f83-4fdc-a436-8253cafe1100,Best Location and GPS map app and Shows the correct location.,5,0,26.38.01.980791571,2026-09-26 13:26:21,,,26.38.01.980791571,other,0.009643122553825378
c2271f99-673a-4c3d-b249-4d7902667ecf,good apps,5,0,26.37.05.977222275,2026-09-26 13:22:40,,,26.37.05.977222275,other,0.045478835701942444
66fc5f01-afde-4355-bf37-7b6f4ab7e99b,there is just enough lag on Android auto to sometimes make me miss turns. that's crazy,3,3,26.38.01.980791571,2026-09-26 13:18:52,,,26.38.01.980791571,bugs or crashes,0.9776059985160828
92f6e78c-bf1d-4326-9677-1c58593044d3,location,5,0,26.29.02.946673643,2026-09-26 13:17:26,,,26.29.02.946673643,bugs or crashes,0.6193893551826477
5d2ef2ff-dd57-4460-81f6-27d30e903ad2,this app is very easy toh find destination,5,0,,2026-09-26 13:16:38,,,,other,0.03528808057308197
6803af43-da33-4ea3-b015-1247c8020211,good,5,0,26.36.00.973607363,2026-09-26 13:10:44,,,26.36.00.973607363,other,0.021383652463555336
f3bc21be-443e-4d45-b288-28662a8298c9,Kept losing GPS connection while other apps are working fine. Calibration n precise location does not make it work.,1,0,26.38.01.980791571,2026-09-26 13:09:44,"That doesn’t sound good, Ronoa. Here are a few tips on getting the most out of your location on Maps, goo.gle/3Q2acbB. Hope this helps.",2026-09-26 14:15:17,26.38.01.980791571,bugs or crashes,0.990267276763916
728ff7e8-a7d4-41ca-ae79-0913424548e8,very nice,4,0,26.37.05.977222275,2026-09-26 13:02:28,,,26.37.05.977222275,other,0.017341373488307
30da3152-052a-4bf3-a520-4b94955e22b6,good 👍,5,0,26.38.01.980791571,2026-09-26 12:59:28,,,26.38.01.980791571,other,0.022820955142378807
d33560b4-0d46-4b8d-9423-e865db12c75a,Very good.,5,0,11.22.2,2026-09-26 12:57:46,,,11.22.2,other,0.027789736166596413
f7491129-e6dd-4222-8601-24f19225a73d,খুব ভালো,5,0,26.38.01.980791571,2026-09-26 12:54:26,,,26.38.01.980791571,bugs or crashes,0.8836410641670227
a1a48422-c8de-4435-a6e7-e9204d1c7f22,"I cant have the usual helpful voice ive used my whole adult life while still having details told to me. Whether it be street names, exit numbers, obstruction notifications, or any other details i may need with this new update i cannot have any of them read out to me unless i switch to the horribly distracting voice they use for their AI. I have already looked at the community posts and all say the same, that i am out of luck. this is what the latest version gets you. Zero stars.",1,1,26.38.01.980791571,2026-09-26 12:53:06,,,26.38.01.980791571,a feature request,0.9855775833129883
56f00de5-416c-4c82-a443-8ae9f087413d,very good,5,0,26.38.01.980791571,2026-09-26 12:51:45,,,26.38.01.980791571,other,0.025785954669117928
7f738e18-7e89-4fdb-9bad-003b1bfc4518,APP FREEZED WHEN CHANGING LANGUAGE TO CHINESE HK IN SETTINGS!!!,1,0,25.38.02.806933749,2026-09-26 12:47:14,"That doesn't sound good, Ronald. If Google Maps is crashing, let's make sure you're on the latest version: goo.gle/43EOVsN. If it keeps happening, please send feedback here: goo.gle/43OR0Ce. Hope this helps.",2026-09-26 14:51:56,25.38.02.806933749,bugs or crashes,0.9989691376686096
897c9de7-e205-4fc0-b53c-0495e25ac93c,good 😊👍,5,0,26.28.03.942936911,2026-09-26 12:45:00,,,26.28.03.942936911,other,0.0262480229139328
7899d8d1-eeb8-4151-b99a-bbc35805a141,very good app,5,0,26.38.01.980791571,2026-09-26 12:42:30,,,26.38.01.980791571,other,0.008810475468635559
f121a1cc-1967-45a8-8038-d5b3cdc5de1d,best app,5,0,26.38.01.980791571,2026-09-26 12:40:14,,,26.38.01.980791571,other,0.015052101574838161
c7948a68-f1a1-45ca-809d-798649263dec,Great convenient quality service,5,0,26.34.04.965633971,2026-09-26 12:32:37,,,26.34.04.965633971,other,0.004168552812188864
ce4bd240-db17-4a19-95b0-43701d8a3ef7,can't even log into my Regions Bank account!! What type of Grap is this?!,1,0,26.38.01.980791571,2026-09-26 12:29:12,,,26.38.01.980791571,bugs or crashes,0.997524082660675
5cd8f3d0-8ade-4362-8f49-8f7004d988c2,the best app,5,0,26.37.05.977222275,2026-09-26 12:24:16,,,26.37.05.977222275,other,0.01195116899907589
c651b962-95e1-49a3-8a37-bc6bde1e60da,दिगंबर करंबे,5,0,26.31.02.954292984,2026-09-26 12:23:51,,,26.31.02.954292984,bugs or crashes,0.8390818238258362
fae8ddea-e49e-4028-a367-df1483910d9e,ဟိြုပလိုက် ဒီ ြပလိုက်,1,0,26.36.03.973607363,2026-09-26 12:23:20,,,26.36.03.973607363,bugs or crashes,0.7296774983406067
cf0d262f-cc25-4517-a092-0debefda6ec2,very nice app for finding locations y'all don't know! 🫵🤧,5,0,26.38.01.980791571,2026-09-26 12:22:28,,,26.38.01.980791571,other,0.3269752264022827
03d38b76-6b33-43e3-93e6-9aaaf44371f7,smooth app,5,0,26.38.01.980791571,2026-09-26 12:12:57,,,26.38.01.980791571,other,0.016245920211076736
406bd14a-2162-49ac-8ec9-920e3eaeb2fa,Its the Gulf Of Mexico and Lake Ontario.,1,0,26.36.03.973607363,2026-09-26 12:11:36,,,26.36.03.973607363,other,0.262454092502594
9148f4f2-0b07-4ce0-abd9-251dfff5d817,supper,5,0,26.33.02.961351034,2026-09-26 12:10:40,,,26.33.02.961351034,other,0.2149091362953186
988fe8b8-1ab7-4793-b23f-ece3bb21b04f,love app,5,0,26.11.06.880475071,2026-09-26 12:10:18,,,26.11.06.880475071,other,0.0489109642803669
4b1f72d0-6641-43df-a584-f4cd54943fea,acha,5,0,26.03.11.854872954,2026-09-26 12:03:25,,,26.03.11.854872954,bugs or crashes,0.9176092147827148
21e91808-cde7-440c-821e-00a93afb7c8c,"denied exact location so apparently the App decided not to work. my saved history is turned off. what does tracking ME have to do with directions? what does my history have to do with directions? even when I put in location from, it still doesn't give me directions. Apparently for direction orrrrr track our every move?",1,1,26.38.01.980791571,2026-09-26 11:54:58,That doesn’t sound good. I'd love to learn more about this issue and help! Please create a post in our Google Maps forum so our community of experts can assist you: goo.gle/3vosTcH. Hope this helps.,2026-09-26 19:33:58,26.38.01.980791571,bugs or crashes,0.9876719117164612
9e9a5db3-32c7-4fa8-8b1d-d94164a4bd93,Anmoljatav,4,0,9.26.1,2026-09-26 11:54:34,,,9.26.1,accessibility or readability problems,0.6929790377616882
8b847e0d-18ce-452b-914e-15a31200166f,Awful garbage full of non existent locations.,1,1,26.38.01.980791571,2026-09-26 11:45:20,"That doesn’t sound good, Matt. I'd love to learn more about this issue and help! Please create a post in our Google Maps forum so our community of experts can assist you: goo.gle/3vosTcH. Hope this helps.",2026-09-26 12:09:12,26.38.01.980791571,bugs or crashes,0.9551806449890137
3d0d8fda-c99b-4c0e-9d9d-8731eb98e492,Good,4,0,26.38.01.980791571,2026-09-26 11:43:31,,,26.38.01.980791571,other,0.02357211522758007
364e50be-944d-4df4-8b8c-95379c37ed4f,op.,5,0,25.27.04.777251107,2026-09-26 11:42:55,,,25.27.04.777251107,bugs or crashes,0.8539320826530457
467397d7-927f-44d0-96e6-025bbd45391d,the best app,5,0,26.38.01.980791571,2026-09-26 11:41:02,,,26.38.01.980791571,other,0.01195116899907589
decccb9a-84c4-4fe5-a7fb-d67498f8c668,very good app,5,0,26.34.04.965633971,2026-09-26 11:38:54,,,26.34.04.965633971,other,0.008810475468635559
d1b68650-060e-4d94-b347-560ce0f6265f,zikuziku,5,0,10.63.6,2026-09-26 11:38:42,,,10.63.6,bugs or crashes,0.592157244682312
724da5a3-192a-4b51-8f5d-b34f16c44116,waqasalli,5,0,11.48.0801,2026-09-26 11:37:05,,,11.48.0801,accessibility or readability problems,0.5592337250709534
89038892-8335-423d-950e-89d77b66ac32,best app,5,0,26.35.03.969485213,2026-09-26 11:36:31,,,26.35.03.969485213,other,0.015052101574838161
1d7f1c9e-68db-47db-b10a-21a3b1a01a46,it finds alternative routes off the freeway. I can't do that because I drive a bus I need to stay on the freeway,1,0,26.38.01.980791571,2026-09-26 11:36:01,,,26.38.01.980791571,a feature request,0.6960601806640625
a639145e-66c6-48c6-8843-903e08778234,very good,5,0,26.38.01.980791571,2026-09-26 11:32:27,,,26.38.01.980791571,other,0.025785954669117928
7d278833-22f7-4ad3-8ad5-66d65573ee2f,👍👍👍👍,3,0,26.38.01.980791571,2026-09-26 11:31:52,,,26.38.01.980791571,bugs or crashes,0.5552565455436707
a994b926-a3b9-4f5f-8520-f8eebf1e841c,this is best for travelling,5,0,26.38.01.980791571,2026-09-26 11:30:19,,,26.38.01.980791571,other,0.15274205803871155
a74dac20-af8b-42ff-9e81-5ff811419518,great,5,0,26.38.01.980791571,2026-09-26 11:29:15,,,26.38.01.980791571,other,0.06779555976390839
b3bae831-ac2b-4edf-bb94-15192d9697fa,very nice navigation app,5,0,26.38.01.980791571,2026-09-26 11:28:16,,,26.38.01.980791571,other,0.014828626997768879
47f951d8-4543-48a5-b70b-8b84cbddb5e1,nice 👍,5,0,26.38.01.980791571,2026-09-26 11:20:28,,,26.38.01.980791571,other,0.0674053356051445
71810e21-9cc1-496a-83bd-6da7c681f281,sure would be nice it it ever used settings as they were set.,1,1,26.38.01.980791571,2026-09-26 11:20:00,Hi David. I'd love to learn more about this issue and help! Please create a post in our Google Maps forum so our community of experts can assist you: goo.gle/3vosTcH. Hope this helps.,2026-09-26 14:50:46,26.38.01.980791571,"unclear pricing, privacy or unexplained changes",0.7835394144058228
9c59a975-0b20-4cde-9bc3-51c8816f54be,"Google Maps is a helpful navigation app that makes travelling easier. It provides directions, maps, traffic information, and information about places such as restaurants and shops. It is especially useful when visiting unfamiliar places.",5,0,26.38.01.980791571,2026-09-26 11:16:30,,,26.38.01.980791571,other,0.12126222997903824
c49847bd-4534-42a6-b8fb-b483ed0185b0,👍👍👍,5,0,26.36.03.973607363,2026-09-26 11:13:17,,,26.36.03.973607363,bugs or crashes,0.545518159866333
d4dabb35-f4d8-47d7-8ee3-5a55d3fe32b0,awesome,5,0,26.38.01.980791571,2026-09-26 11:01:45,,,26.38.01.980791571,other,0.016530223190784454
d23d5034-b102-46ab-84c2-b07cdfd8e9cc,the new AI sounding voice is awful give me back the other one,1,1,26.38.01.980791571,2026-09-26 10:51:19,,,26.38.01.980791571,a feature request,0.984123945236206
c0d00e6d-f01c-4826-a1e4-62aedc21fddb,Routes are messed up-wrong location or wrong entrance to having you go through neighborhoods. It has me exit then enter the highway repeatedly or exit areas that are closed. I'm also disappointed that they actually changed the names of the Gulf of Mexico and Lake Ontario which is completely ridiculous. I've downloaded Mapquest again and will start using that even though there is still a lot of work to be done to bring them up to a more accurate level.,2,0,26.38.01.980791571,2026-09-26 10:49:08,,,26.38.01.980791571,bugs or crashes,0.9969186782836914
27508324-3c29-44ba-aca9-3527446b56a4,very good,5,0,26.38.01.980791571,2026-09-26 10:43:06,,,26.38.01.980791571,other,0.025785954669117928
c7bd6f43-3370-4b96-a7aa-5c5d08e21068,"another useless app on a watch, but not allowed to remove it",1,0,26.31.00.954868773.W,2026-09-26 10:14:58,,,26.31.00.954868773.W,bugs or crashes,0.8586361408233643
68725707-5645-4294-9b1a-65c93a463f57,Google maps tends to give the worst direction option as your primary choice and because of ads it displays places I'm not even looking for.,1,1,26.37.05.977222275,2026-09-26 10:07:11,,,26.37.05.977222275,bugs or crashes,0.8452527523040771
cedc28f4-8c05-4149-b3f1-e2113be55347,"It's been okay for years. Recently, it has just been awful. Users have been forced into a beta without consent. This version sends you on the most brain dead routes adding up to 30 minutes to your drive for no reason. Additionally, I have recently been facing UI bugs where it is locked in a super zoomed out view. Both my phone and car display are impacted by this. When i try zooming in manually, it zooms out after 1 second. Perhaps the swes should stop using AI in their code.",1,1,26.38.01.980791571,2026-09-26 10:05:42,,,26.38.01.980791571,bugs or crashes,0.9974094033241272
b0d6592a-5137-4bb9-9d21-66540ec1b1d3,"the road was closed off on my normal route. Used Google maps to try and get around the closure. Google maps decided to take me in a continuous circle. After I forced it to recalculate the route it tried to take me 30 minutes out of my way instead of 2 minutes up to the correct road. Google maps also tried to make me go back to a major highway, which was 45 minutes out of my way. it could have just had me take the back road to my normal route which would have been 15 minutes.",1,1,26.38.01.980791571,2026-09-26 10:04:07,"I understand your concern. You can submit the details of what you're experiencing by following these steps: goo.gle/355m3NU, so our team gets the right information to help improve the app. Appreciate it.",2026-09-26 10:42:50,26.38.01.980791571,bugs or crashes,0.9156448841094971
83ef4e61-e256-4b13-83b7-658582e02222,Star,5,0,26.38.01.980791571,2026-09-26 09:47:00,,,26.38.01.980791571,bugs or crashes,0.6556215882301331
58b40b6c-dd85-48dc-866d-e720f93e0d6d,"google maps has slowly gotten worse until a few weeks ago where google maps will not find my location. i have done everything. given permissions, uninstalled reinstalled, clear cache, turn of battery saver, everything. what pisses me off most is how i will likely get no support. i have already tried making a post on the google maps community forums.",1,0,26.38.01.980791571,2026-09-26 09:42:04,"I understand your concern, Christine. You can submit the details of what you're experiencing by following these steps: goo.gle/355m3NU, so our team gets the right information to help improve the app. Appreciate it.",2026-09-26 10:39:21,26.38.01.980791571,bugs or crashes,0.9935358166694641
8688b6cd-e5af-4978-aae8-647e7839c976,Working good,5,0,11.127.0102,2026-09-26 09:37:21,,,11.127.0102,other,0.0018082921160385013
ffe1d802-4b47-4851-be41-1918f7b578a9,extremely dissatisfied at Google bowing to Tramp!,1,1,26.38.01.980791571,2026-09-26 09:30:15,,,26.38.01.980791571,"unclear pricing, privacy or unexplained changes",0.8416756391525269
c8f3c1bd-5142-4265-85eb-ea216177f362,every time I use it it keeps getting worse and worse. half of my saved places do not come up. especially when im traveling and mark my places like my hotels or venues. forget about android auto... it just makes it down right horrible. does not start up in satellite mode like its set anymore. Just completely getting worse,2,0,26.38.01.980791571,2026-09-26 09:30:13,"I understand your concern, Patrick. To help me look into this further, please create a post in our Google Maps Help Community. Our team and community experts can assist you there: goo.gle/3vosTcH. Appreciate it.",2026-09-26 10:37:32,26.38.01.980791571,bugs or crashes,0.9991739392280579
3b62a20c-baf5-472c-a260-be16a6c3ea77,if I have theme always set to dark why does it go to day mode in navigation. stop breaking everything,1,1,26.09.140002.E,2026-09-26 09:21:29,"I understand your concern, Issac. Just a heads up, night mode in navigation is different from Maps dark mode. To set your preferences, head to ""Navigation settings"" and scroll down to ""Map display""! Hope this helps.",2026-09-26 09:31:50,26.09.140002.E,bugs or crashes,0.9918410778045654
94676f08-6446-4dd1-a08a-7ecb1b9a9e19,Jamil size,5,1,26.38.01.980791571,2026-09-26 09:21:21,,,26.38.01.980791571,bugs or crashes,0.6260294914245605
fe769843-ebdd-4f76-a78d-6432884cf135,So interesting,5,1,26.38.01.980791571,2026-09-26 09:10:11,,,26.38.01.980791571,other,0.22993186116218567
e9fe9575-a64f-43aa-b4e7-5caa3495a315,"Project Suncatcher explores if space can host scalable machine learning infrastructure for future AI. A prototype satellite will test how Google’s AI chips perform in harsh space conditions. Engineers are tackling major challenges like extreme radiation, intense vibrations, and cooling in vacuums. Future missions aim to link satellite clusters using high-bandwidth lasers for massive AI workloads. This initial launch helps the team learn what works before scaling up by 2027Project Suncatcher expl",5,0,26.38.01.980791571,2026-09-26 08:59:01,,,26.38.01.980791571,other,0.3344443440437317
a32986c4-e23d-4d79-bafd-89d6e7058e87,sometimes maps can be very inaccurate and please bring GOOGLE ASSISTANT VOICE back PLEASE. these AI VOICES sounds HORRIBLE.,2,1,26.38.01.980791571,2026-09-26 08:43:48,,,26.38.01.980791571,a feature request,0.983739972114563
be4df482-096a-46a9-8e85-9a80a0731878,"Google Maps is an incredibly useful and reliable app for navigation and discovering new places. The directions are easy to follow, locations are convenient to find, and features like traffic updates, reviews, and nearby places make traveling much easier. A must-have app for everyday use!",5,0,26.38.01.980791571,2026-09-26 08:41:51,,,26.38.01.980791571,other,0.02998698689043522
14b7ef99-ade5-4eaf-a669-42524a85f548,Not bad.,4,0,26.38.01.980791571,2026-09-26 08:38:20,,,26.38.01.980791571,other,0.07789713889360428
337ef9f0-81ca-4db0-a55f-922443bc29a2,down for the trip going,5,0,26.38.01.980791571,2026-09-26 08:32:11,,,26.38.01.980791571,bugs or crashes,0.8838868141174316
d4a742f1-40e7-4571-91e4-dd84eef583dc,"Very useful, especially for biking.",5,0,26.38.01.980791571,2026-09-26 08:21:24,"Hi Marvin. Let's give these steps a try, clear cache and uninstall the updates: https://goo.gle/3oW0tVa. Hope this helps.",2021-11-11 07:18:49,26.38.01.980791571,other,0.022175535559654236
da3cbf7f-c417-4685-b571-8906689fcea3,"I would like to make a complaint about the bus directions. I had to make a U-turn and walk around a large building because the location was not precise enough. The bus was on the same street, but I could not tell exactly where to go. I missed my bus and now have to wait an hour, even though I have court. Please provide more precise bus stop locations and directions to help prevent this.",1,0,26.38.01.980791571,2026-09-26 08:19:36,"That doesn't sound good. To help me look into this further, please create a post in our Google Maps Help Community. Our team and community experts can assist you there: goo.gle/3vosTcH. Thanks.",2026-09-26 08:33:44,26.38.01.980791571,a feature request,0.5840978026390076
5a598c50-b007-415b-8107-e2e9a51c8c10,"I used to use this app perfectly with 4G LTE, now it runs garbage on 5G. How much data do you need to send over internet when I have my entire states maps downloaded? I'm continuously solving issues, not seeing the locations I want, and the voice integration is complete trash that I would rather they remove than improve. I used to endorse this app as the only real map, now its gotten to the point where if this wasn't a monopoly I would 100% switch. Stop adding stuff, correct it. Lighten it. 0/5",1,1,26.38.01.980791571,2026-09-26 08:14:26,,,26.38.01.980791571,bugs or crashes,0.9947360157966614
da8b0d77-b984-43b4-8847-bf8292e0481a,Don't want the ai option. it took over the space for my home navigation button. the new voice is extremely irritating. and the directions get worse by the day. how do these people even get a paycheck?,1,1,26.38.01.980791571,2026-09-26 08:14:13,,,26.38.01.980791571,a feature request,0.9829233288764954
d49bcdbb-aeea-4158-89de-87875e4074ed,Iraq,5,0,25.13.06.739783266,2026-09-26 08:02:18,,,25.13.06.739783266,bugs or crashes,0.8214231729507446
001cbefd-8187-498d-9553-7929f88cd86f,Hello Google . I live on 7th street In New Cumberland Pa . 17070 on a one way with do not enter signs going to bridge street not coming off bridge st . there are schools near by with kids everywhere walking home from there parks there all over the place on this street you make a right or left off of bridge street you go threw two do not enters and a one way sign right after that on your left after you enter the street breaking traffic laws GPS is wrong to reno street and the next stop sign. fix,1,0,26.38.01.980791571,2026-09-26 07:57:00,"Hi Ronald. To help me look into this further, please create a post in our Google Maps Help Community. Our team and community experts can assist you there: goo.gle/3vosTcH. Thanks.",2026-09-26 08:35:56,26.38.01.980791571,a feature request,0.8831878900527954
f70bdaad-0975-4b7b-9a34-3e2c1b40aee2,This new voice is trash.,1,1,26.38.01.980791571,2026-09-26 07:51:35,,,26.38.01.980791571,a feature request,0.8542985320091248
3aeeffbd-a9c2-444c-8ada-8b1feda8c807,It won't let me update app,1,0,26.35.05.969485213,2026-09-26 07:48:48,"I understand your concern, Chris. Please check the following article for more information on how to troubleshoot this issue: https://goo.gle/47afyZR. If you’re still running into trouble, please send me feedback here: goo.gle/3W3S178. Hope this helps.",2026-09-26 08:52:00,26.35.05.969485213,bugs or crashes,0.9945103526115417
15fd15d3-5cfe-48c0-bccf-62348c2776d5,"Can't get specific route instructions, just ""turn right in 500 ft'. Their ""fix"" doesn't work. Pixel 10pro, a Google phone. It worked once, but no more. I shouldn't be this hard to get this right.",1,0,26.38.01.980791571,2026-09-26 07:46:27,"Hi Lucy. To help me look into this further, please create a post in our Google Maps Help Community. Our team and community experts can assist you there: goo.gle/3vosTcH. Thanks.",2026-09-26 08:37:08,26.38.01.980791571,a feature request,0.9792759418487549
7148e539-806f-4766-bc0b-50c27c6ec8cb,easy found way to go,5,0,26.36.03.973607363,2026-09-26 07:27:59,,,26.36.03.973607363,other,0.08674851804971695
eb6e1a73-dc1e-41fb-b4b4-19f3ff4b7e7c,my app has not worked in awhile. I'm in a good area for connection but I keep losing Google map connection,1,0,26.38.01.980791571,2026-09-26 07:08:46,"Hi there. If you're running into issues with Google Maps, try these troubleshooting steps: goo.gle/43EOVsN. If it keeps happening, please send feedback here: goo.gle/43OR0Ce. Thanks.",2026-09-26 08:38:06,26.38.01.980791571,bugs or crashes,0.9974615573883057
a3c54797-827d-4ba2-a257-e1ce58e35fb4,why did the voice change?,3,1,26.38.01.980791571,2026-09-26 07:08:19,,,26.38.01.980791571,"unclear pricing, privacy or unexplained changes",0.6913937330245972
e9cf081d-f41d-4ff6-8aaa-c4ed7d9352e3,"Newest update is a hazard. The new voice is agonizingly annoying with extremely slow speech, treating you like you just learned english. It gives bare directions WITHOUT specifics (like loops, exits, on/offramp, even which lane to be in). It feels like the first launch of gps and maps, it's that bad. The visual map is accurate, but not the voice. Now I get to be a hazard on the road having to watch the map instead of the road thanks to how awful this new voice is.",1,2,26.38.01.980791571,2026-09-26 07:08:01,,,26.38.01.980791571,accessibility or readability problems,0.6729353070259094
063d074d-a3d1-48f1-bde7-6b80cde984ca,"Google Maps is one of those rare apps I genuinely rely on every single day. Whether I’m driving to a brand-new city, looking for a good coffee shop nearby, or just checking how heavy the traffic is before heading out, it rarely lets me down",5,0,26.38.01.980791571,2026-09-26 07:04:39,,,26.38.01.980791571,other,0.1797710806131363
75d3ec8e-93c1-483f-af31-fda6acf38ae5,Diidale Hayuu,1,0,26.38.01.980791571,2026-09-26 06:54:17,,,26.38.01.980791571,other,0.4777919352054596
ec484ec8-f5b4-4050-a3a7-63478416cd70,I use Google maps all the time .it's work pretty well.good for public transport also.,5,0,26.38.01.980791571,2026-09-26 06:51:09,,,26.38.01.980791571,other,0.17614084482192993
30ee6767-d6b7-4e81-9ab3-de9b71f53100,the new voice sucks dick!!!!!!,1,3,26.37.05.977222275,2026-09-26 06:48:34,,,26.37.05.977222275,a feature request,0.8356239795684814
fa1283c5-c8af-433a-b013-9c0bbc3cd191,Lake America! Not a reliable app if you can just change the name of places at a whim.,1,1,25.32.00.790560726,2026-09-26 06:47:37,,,25.32.00.790560726,"unclear pricing, privacy or unexplained changes",0.9596404433250427
753f4ae1-9bb3-47ce-92c3-af5ed0ba1f13,positively please to avoid from this chapter,5,0,10.63.1,2026-09-26 06:46:29,,,10.63.1,accessibility or readability problems,0.6671361923217773
2533d3e5-c747-47cc-ba24-59f30eb16e09,"After using the app for years, it is unfortunately no longer working properly. It constantly spins, shows poor connection and low accuracy, and nothing I do seems to fix the issues. My internet connection is one of the best, so this clearly isn’t a connection problem. The app appears to need some serious fixing.",1,0,26.38.01.980791571,2026-09-26 06:41:16,"Hi Francis. To help me look into this further, please create a post in our Google Maps Help Community. Our team and community experts can assist you there: goo.gle/3vosTcH. Thanks.",2026-09-26 08:40:08,26.38.01.980791571,bugs or crashes,0.991072416305542
a4780585-187d-407b-80a6-ae9dffacaf4f,Wish it would stop auto updating even when unchecked. I don't need ai garbage in my maps,1,1,11.102.0101,2026-09-26 06:37:04,,,11.102.0101,a feature request,0.9927576780319214
634e2582-7bfb-4171-a02c-b7d3e30b9bcf,thanks dude do not put ads and do not put payment without ads and no dark theme just free please :),5,0,26.36.03.973607363,2026-09-26 06:17:27,,,26.36.03.973607363,"unclear pricing, privacy or unexplained changes",0.9883087873458862
928ef9ac-45c9-44a9-a345-2630fa7ef78a,I can never get any of the search results I want. if I say gas station it gives me jiffy lube. if I say fried chicken. it will show me something like McDonald's. I understand Google needs to make money but why cant they also provide reliable information and search result,1,1,26.38.01.980791571,2026-09-26 06:13:14,"That doesn't sound good, Rohan. To help me look into this further, please create a post in our Google Maps Help Community. Our team and community experts can assist you there: goo.gle/3vosTcH. Thanks.",2026-09-26 08:44:13,26.38.01.980791571,a feature request,0.9946985840797424
a69cedf0-3fba-42cd-9dfe-82bd6784af59,This App really helps with navigations. Try this App Guys.,5,0,26.26.03.935742811,2026-09-26 05:59:19,,,26.26.03.935742811,other,0.15632480382919312
bc31a7e0-bbab-433d-b079-94279cae5d5a,I'm starting to like MapQuest better than this & there are many others,1,1,26.29.02.946673643,2026-09-26 05:57:06,,,26.29.02.946673643,bugs or crashes,0.675734281539917
6a2b2e15-6a87-4f1d-ad66-64e6593959a6,gps low connection,5,0,26.38.01.980791571,2026-09-26 05:55:02,,,26.38.01.980791571,bugs or crashes,0.9190300703048706
dec7db89-b88d-4504-8fd8-168c56c1159c,why map not updated for my mobile,5,1,25.23.04.765881323,2026-09-26 05:47:52,,,25.23.04.765881323,a feature request,0.9792475700378418
df26bdfa-eec1-4fb8-860c-724fe2d14af3,Full of mistakes. Not 100 % reliable. Be careful using. doesn't factor in when buses are running late which is frequent where I live. getting somewhat better with construction. long ways to go to get a five star rating.,1,7,26.38.01.980791571,2026-09-26 05:44:28,"Hi Brad. To help me look into this further, please create a post in our Google Maps Help Community. Our team and community experts can assist you there: goo.gle/3vosTcH. Thanks.",2026-09-26 08:43:07,26.38.01.980791571,bugs or crashes,0.9910797476768494
f53417c7-3e30-4556-bcd7-ce287e4ded58,ok,3,0,26.38.01.980791571,2026-09-26 05:42:32,,,26.38.01.980791571,other,0.3308021128177643
c69cf6ab-4147-492e-a7ef-9d76fe9c45e3,"The updates for Google maps have become a safety hazard. 1. There is no toggle switch to turn off landmarks and sometimes the landmarks aren't there which forces the users attention off the road. Until this is resolved I'll be using another mapping application. 2. The voice settings changed randomly 2x in the last couple updates, this is also a distraction for drivers if it is unexpected. Assessment of changes to this app for drivers safety prior to forced implementation of new features.",1,1,26.38.01.980791571,2026-09-26 05:42:21,,,26.38.01.980791571,bugs or crashes,0.8237160444259644
bcf11df1-f319-428c-a3b2-f0142043371c,Nice app,5,0,25.10.04.732665141,2026-09-26 05:41:17,,,25.10.04.732665141,other,0.004934629891067743
76b12f2d-95c0-4e99-891c-7bde80682e64,"Displaying two different things to users in UAE vs users in Iran so you remain globally popular is disgusting. Renaming bodies of water and misrepresenting established geographic labels based on users IP address instead of international and historical records is a gross violation. It's Persian Gulf -no parenthesis, it's Lake Ontario, and the Gulf of Mexico. Not using the app until it's fixed.",1,1,25.32.00.790560726,2026-09-26 05:40:02,,,25.32.00.790560726,bugs or crashes,0.5179184675216675
0ab8cde3-b3e7-4fd1-8025-d4210935c2c8,I DID NOT DOWNLOAD THIS AND AM BLOCKED FROM REPORTING AND UNINSTALLING,2,1,,2026-09-26 05:36:20,,,,a feature request,0.9286651611328125
92efeaed-80cf-424a-8b5b-c29eecb8c9be,Not loving the new font! Can be hard to read until I adjust the size of the map. Put back the old font!!,1,1,26.38.01.980791571,2026-09-26 05:29:08,"Thanks for the feedback, Jude! You can submit the details of what you're experiencing by following these steps: goo.gle/355m3NU, so our team gets the right information to help improve the app.",2026-09-26 08:46:22,26.38.01.980791571,accessibility or readability problems,0.9990441203117371
ac71f14d-896f-40df-b8ae-77ca3c44e52d,Keeps coming up blank in android auto. I have to uninstall and reinstall maps for it to work for a short while until it stops working and starts up blank again. Somehow after the reinstall the setting work correctly in android auto for a short while and then they disappear from the menu for maps.,1,2,26.38.01.980791571,2026-09-26 05:24:06,,,26.38.01.980791571,bugs or crashes,0.9730001091957092
f1d598ec-9cf9-471e-a78c-b92216cf56c5,I loved the app,5,0,11.72.0302,2026-09-26 05:22:50,,,11.72.0302,other,0.007151532452553511
ec60f722-fccc-406c-ad0e-f487bdd8e45d,"I don't like the new default voice. Even if I changed it back to English (US) ,it no longer speaks street names. Every update has been this kind of 🐴 💩",1,2,26.38.01.980791571,2026-09-26 05:21:19,,,26.38.01.980791571,a feature request,0.7406665086746216
167bb9bf-a32b-462d-b375-0f92c660c4dc,Dificult,1,0,26.38.01.980791571,2026-09-26 05:20:53,,,26.38.01.980791571,bugs or crashes,0.9489843845367432
e85be769-633e-4125-8b8c-976a64601e0a,plz remove your bug i really disappointed,1,0,26.38.01.980791571,2026-09-26 05:08:59,"Hi Bilawal. To help me look into this further, please create a post in our Google Maps Help Community. Our team and community experts can assist you there: goo.gle/3vosTcH. Thanks.",2026-09-26 08:48:40,26.38.01.980791571,bugs or crashes,0.9969432950019836
15d1812a-cebb-46d6-b82a-348017251d7d,this is a nice app,5,0,26.38.01.980791571,2026-09-26 05:00:29,,,26.38.01.980791571,other,0.0032923687249422073
da306013-70d4-4293-b9ed-a2b7c0ff752c,"Don't ever take google shortcuts. They are always longer than staying on the main path. if I had a dollar for every time, a Google shortcut took me 10 times longer. I would be rich.",1,0,26.38.01.980791571,2026-09-26 04:53:15,"That doesn't sound good, Dan. You can submit the details of what you're experiencing by following these steps: goo.gle/355m3NU, so our team gets the right information to help improve the app. Appreciate it.",2026-09-26 08:48:58,26.38.01.980791571,a feature request,0.7805598378181458
